"rssi","uuid","eventId","logType","timeStamp"
"-99","29382d43-0bf0-4144-be3e-476398d9721a","0","0","1647332345267"
"-87","29382d43-0bf0-4144-be3e-476398d9721a","0","0","1647332345508"
"-87","29382d43-0bf0-4144-be3e-476398d9721a","0","0","1647332345724"
"-86","29382d43-0bf0-4144-be3e-476398d9721a","0","0","1647332346357"
"-90","29382d43-0bf0-4144-be3e-476398d9721a","0","0","1647332346693"
"-86","29382d43-0bf0-4144-be3e-476398d9721a","0","0","1647332347434"
"-97","29382d43-0bf0-4144-be3e-476398d9721a","0","0","1647332347798"
"-98","29382d43-0bf0-4144-be3e-476398d9721a","0","0","1647332348273"
"-99","29382d43-0bf0-4144-be3e-476398d9721a","0","0","1647332348501"
"-91","29382d43-0bf0-4144-be3e-476398d9721a","0","0","1647332349091"
"-91","29382d43-0bf0-4144-be3e-476398d9721a","0","0","1647332349141"
"-93","29382d43-0bf0-4144-be3e-476398d9721a","0","0","1647332349337"
"-91","29382d43-0bf0-4144-be3e-476398d9721a","0","0","1647332349458"
"-93","29382d43-0bf0-4144-be3e-476398d9721a","0","0","1647332349554"
"-89","29382d43-0bf0-4144-be3e-476398d9721a","0","0","1647332349701"
"-95","29382d43-0bf0-4144-be3e-476398d9721a","0","0","1647332350035"
"-96","29382d43-0bf0-4144-be3e-476398d9721a","0","0","1647332350647"
"-93","29382d43-0bf0-4144-be3e-476398d9721a","0","0","1647332351016"
"-93","29382d43-0bf0-4144-be3e-476398d9721a","0","0","1647332351384"
"-90","29382d43-0bf0-4144-be3e-476398d9721a","0","0","1647332351626"
"-89","29382d43-0bf0-4144-be3e-476398d9721a","0","0","1647332351943"
"-88","29382d43-0bf0-4144-be3e-476398d9721a","0","0","1647332352335"
"-88","29382d43-0bf0-4144-be3e-476398d9721a","0","0","1647332352442"
"-91","29382d43-0bf0-4144-be3e-476398d9721a","0","0","1647332352926"
"-94","29382d43-0bf0-4144-be3e-476398d9721a","0","0","1647332353161"
"-94","29382d43-0bf0-4144-be3e-476398d9721a","0","0","1647332353318"
"-95","29382d43-0bf0-4144-be3e-476398d9721a","0","0","1647332353393"
"-89","29382d43-0bf0-4144-be3e-476398d9721a","0","0","1647332353664"
"-96","29382d43-0bf0-4144-be3e-476398d9721a","0","0","1647332354132"
"-96","29382d43-0bf0-4144-be3e-476398d9721a","0","0","1647332354373"
"-96","29382d43-0bf0-4144-be3e-476398d9721a","0","0","1647332354501"
"-88","29382d43-0bf0-4144-be3e-476398d9721a","0","0","1647332354857"
"-96","29382d43-0bf0-4144-be3e-476398d9721a","0","0","1647332354994"
"-96","29382d43-0bf0-4144-be3e-476398d9721a","0","0","1647332355102"
"-96","29382d43-0bf0-4144-be3e-476398d9721a","0","0","1647332355240"
"-96","29382d43-0bf0-4144-be3e-476398d9721a","0","0","1647332355334"
"-97","29382d43-0bf0-4144-be3e-476398d9721a","0","0","1647332355479"
"-97","29382d43-0bf0-4144-be3e-476398d9721a","0","0","1647332355581"
"-88","29382d43-0bf0-4144-be3e-476398d9721a","0","0","1647332355728"
"-96","29382d43-0bf0-4144-be3e-476398d9721a","0","0","1647332355863"
"-88","29382d43-0bf0-4144-be3e-476398d9721a","0","0","1647332356065"
"-97","29382d43-0bf0-4144-be3e-476398d9721a","0","0","1647332356190"
"-96","29382d43-0bf0-4144-be3e-476398d9721a","0","0","1647332356310"
"-88","29382d43-0bf0-4144-be3e-476398d9721a","0","0","1647332356430"
"-96","29382d43-0bf0-4144-be3e-476398d9721a","0","0","1647332356553"
"-88","29382d43-0bf0-4144-be3e-476398d9721a","0","0","1647332356673"
"-96","29382d43-0bf0-4144-be3e-476398d9721a","0","0","1647332356793"
"-97","29382d43-0bf0-4144-be3e-476398d9721a","0","0","1647332356915"
"-87","29382d43-0bf0-4144-be3e-476398d9721a","0","0","1647332357051"
"-97","29382d43-0bf0-4144-be3e-476398d9721a","0","0","1647332357233"
"-96","29382d43-0bf0-4144-be3e-476398d9721a","0","0","1647332357318"
"-96","29382d43-0bf0-4144-be3e-476398d9721a","0","0","1647332357529"
"-96","29382d43-0bf0-4144-be3e-476398d9721a","0","0","1647332357649"
"-88","29382d43-0bf0-4144-be3e-476398d9721a","0","0","1647332357771"
"-96","29382d43-0bf0-4144-be3e-476398d9721a","0","0","1647332357891"
"-87","29382d43-0bf0-4144-be3e-476398d9721a","0","0","1647332358030"
"-95","29382d43-0bf0-4144-be3e-476398d9721a","0","0","1647332358230"
"-86","29382d43-0bf0-4144-be3e-476398d9721a","0","0","1647332358352"
"-94","29382d43-0bf0-4144-be3e-476398d9721a","0","0","1647332358493"
"-89","29382d43-0bf0-4144-be3e-476398d9721a","0","0","1647332358615"
"-89","29382d43-0bf0-4144-be3e-476398d9721a","0","0","1647332358708"
"-90","29382d43-0bf0-4144-be3e-476398d9721a","0","0","1647332359228"
"-89","29382d43-0bf0-4144-be3e-476398d9721a","0","0","1647332359694"
"-89","29382d43-0bf0-4144-be3e-476398d9721a","0","0","1647332359792"
"-94","29382d43-0bf0-4144-be3e-476398d9721a","0","0","1647332359919"
"-93","29382d43-0bf0-4144-be3e-476398d9721a","0","0","1647332360070"
"-94","29382d43-0bf0-4144-be3e-476398d9721a","0","0","1647332360168"
"-88","29382d43-0bf0-4144-be3e-476398d9721a","0","0","1647332360304"
"-97","29382d43-0bf0-4144-be3e-476398d9721a","0","0","1647332360475"
"-89","29382d43-0bf0-4144-be3e-476398d9721a","0","0","1647332360680"
"-89","29382d43-0bf0-4144-be3e-476398d9721a","0","0","1647332360725"
"-98","29382d43-0bf0-4144-be3e-476398d9721a","0","0","1647332360859"
"-88","29382d43-0bf0-4144-be3e-476398d9721a","0","0","1647332361049"
"-92","29382d43-0bf0-4144-be3e-476398d9721a","0","0","1647332361693"
"-92","29382d43-0bf0-4144-be3e-476398d9721a","0","0","1647332361989"
"-86","29382d43-0bf0-4144-be3e-476398d9721a","0","0","1647332362351"
"-85","29382d43-0bf0-4144-be3e-476398d9721a","0","0","1647332362639"
"-95","29382d43-0bf0-4144-be3e-476398d9721a","0","0","1647332363227"
"-91","29382d43-0bf0-4144-be3e-476398d9721a","0","0","1647332363562"
"-91","29382d43-0bf0-4144-be3e-476398d9721a","0","0","1647332363596"
"-86","29382d43-0bf0-4144-be3e-476398d9721a","0","0","1647332363866"
"-90","29382d43-0bf0-4144-be3e-476398d9721a","0","0","1647332364272"
"-86","29382d43-0bf0-4144-be3e-476398d9721a","0","0","1647332364578"
"-94","29382d43-0bf0-4144-be3e-476398d9721a","0","0","1647332364811"
"-89","29382d43-0bf0-4144-be3e-476398d9721a","0","0","1647332365011"
"-90","29382d43-0bf0-4144-be3e-476398d9721a","0","0","1647332365078"
"-93","29382d43-0bf0-4144-be3e-476398d9721a","0","0","1647332365349"
"-95","29382d43-0bf0-4144-be3e-476398d9721a","0","0","1647332365801"
"-89","29382d43-0bf0-4144-be3e-476398d9721a","0","0","1647332365969"
"-89","29382d43-0bf0-4144-be3e-476398d9721a","0","0","1647332366044"
"-86","29382d43-0bf0-4144-be3e-476398d9721a","0","0","1647332366295"
"-90","29382d43-0bf0-4144-be3e-476398d9721a","0","0","1647332366673"
"-89","29382d43-0bf0-4144-be3e-476398d9721a","0","0","1647332366917"
"-88","29382d43-0bf0-4144-be3e-476398d9721a","0","0","1647332367019"
"-88","29382d43-0bf0-4144-be3e-476398d9721a","0","0","1647332367153"
"-87","29382d43-0bf0-4144-be3e-476398d9721a","0","0","1647332367253"
"-85","29382d43-0bf0-4144-be3e-476398d9721a","0","0","1647332367510"
"-89","29382d43-0bf0-4144-be3e-476398d9721a","0","0","1647332367974"
"-89","29382d43-0bf0-4144-be3e-476398d9721a","0","0","1647332368107"
"-89","29382d43-0bf0-4144-be3e-476398d9721a","0","0","1647332368204"
"-91","29382d43-0bf0-4144-be3e-476398d9721a","0","0","1647332368475"
"-89","29382d43-0bf0-4144-be3e-476398d9721a","0","0","1647332368753"
"-88","29382d43-0bf0-4144-be3e-476398d9721a","0","0","1647332368917"
"-88","29382d43-0bf0-4144-be3e-476398d9721a","0","0","1647332369064"
"-87","29382d43-0bf0-4144-be3e-476398d9721a","0","0","1647332369160"
"-87","29382d43-0bf0-4144-be3e-476398d9721a","0","0","1647332369460"
"-88","29382d43-0bf0-4144-be3e-476398d9721a","0","0","1647332369556"
"-88","29382d43-0bf0-4144-be3e-476398d9721a","0","0","1647332369804"
"-88","29382d43-0bf0-4144-be3e-476398d9721a","0","0","1647332369871"
"-88","29382d43-0bf0-4144-be3e-476398d9721a","0","0","1647332370035"
"-96","29382d43-0bf0-4144-be3e-476398d9721a","0","0","1647332370134"
"-88","29382d43-0bf0-4144-be3e-476398d9721a","0","0","1647332370271"
"-87","29382d43-0bf0-4144-be3e-476398d9721a","0","0","1647332370519"
"-89","29382d43-0bf0-4144-be3e-476398d9721a","0","0","1647332370669"
"-99","29382d43-0bf0-4144-be3e-476398d9721a","0","0","1647332370846"
"-90","29382d43-0bf0-4144-be3e-476398d9721a","0","0","1647332370981"
"-90","29382d43-0bf0-4144-be3e-476398d9721a","0","0","1647332371080"
"-89","29382d43-0bf0-4144-be3e-476398d9721a","0","0","1647332371230"
"-91","29382d43-0bf0-4144-be3e-476398d9721a","0","0","1647332371353"
"-88","29382d43-0bf0-4144-be3e-476398d9721a","0","0","1647332371566"
"-99","29382d43-0bf0-4144-be3e-476398d9721a","0","0","1647332371808"
"-90","29382d43-0bf0-4144-be3e-476398d9721a","0","0","1647332371937"
"-99","29382d43-0bf0-4144-be3e-476398d9721a","0","0","1647332372037"
"-91","29382d43-0bf0-4144-be3e-476398d9721a","0","0","1647332372184"
"-89","29382d43-0bf0-4144-be3e-476398d9721a","0","0","1647332372506"
"-91","29382d43-0bf0-4144-be3e-476398d9721a","0","0","1647332372595"
"-99","29382d43-0bf0-4144-be3e-476398d9721a","0","0","1647332372760"
"-90","29382d43-0bf0-4144-be3e-476398d9721a","0","0","1647332372984"
"-90","29382d43-0bf0-4144-be3e-476398d9721a","0","0","1647332373001"
"-90","29382d43-0bf0-4144-be3e-476398d9721a","0","0","1647332373208"
"-91","29382d43-0bf0-4144-be3e-476398d9721a","0","0","1647332373437"
"-91","29382d43-0bf0-4144-be3e-476398d9721a","0","0","1647332373455"
"-98","29382d43-0bf0-4144-be3e-476398d9721a","0","0","1647332373670"
"-93","29382d43-0bf0-4144-be3e-476398d9721a","0","0","1647332373873"
"-93","29382d43-0bf0-4144-be3e-476398d9721a","0","0","1647332373890"
"-89","29382d43-0bf0-4144-be3e-476398d9721a","0","0","1647332374144"
"-99","29382d43-0bf0-4144-be3e-476398d9721a","0","0","1647332374374"
"-98","29382d43-0bf0-4144-be3e-476398d9721a","0","0","1647332374391"
"-98","29382d43-0bf0-4144-be3e-476398d9721a","0","0","1647332374614"
"-90","29382d43-0bf0-4144-be3e-476398d9721a","0","0","1647332374854"
"-91","29382d43-0bf0-4144-be3e-476398d9721a","0","0","1647332374872"
"-88","29382d43-0bf0-4144-be3e-476398d9721a","0","0","1647332375090"
"-89","29382d43-0bf0-4144-be3e-476398d9721a","0","0","1647332375151"
"-93","29382d43-0bf0-4144-be3e-476398d9721a","0","0","1647332375587"
"-94","29382d43-0bf0-4144-be3e-476398d9721a","0","0","1647332375606"
"-94","29382d43-0bf0-4144-be3e-476398d9721a","0","0","1647332376055"
"-93","29382d43-0bf0-4144-be3e-476398d9721a","0","0","1647332376069"
"-92","29382d43-0bf0-4144-be3e-476398d9721a","0","0","1647332376301"
"-93","29382d43-0bf0-4144-be3e-476398d9721a","0","0","1647332376434"
"-98","29382d43-0bf0-4144-be3e-476398d9721a","0","0","1647332376570"
"-90","29382d43-0bf0-4144-be3e-476398d9721a","0","0","1647332376790"
"-90","29382d43-0bf0-4144-be3e-476398d9721a","0","0","1647332376809"
"-90","29382d43-0bf0-4144-be3e-476398d9721a","0","0","1647332377350"
"-96","29382d43-0bf0-4144-be3e-476398d9721a","0","0","1647332377510"
"-90","29382d43-0bf0-4144-be3e-476398d9721a","0","0","1647332377689"
"-92","29382d43-0bf0-4144-be3e-476398d9721a","0","0","1647332378058"
"-90","29382d43-0bf0-4144-be3e-476398d9721a","0","0","1647332378333"
"-91","29382d43-0bf0-4144-be3e-476398d9721a","0","0","1647332378671"
"-93","29382d43-0bf0-4144-be3e-476398d9721a","0","0","1647332378993"
"-93","29382d43-0bf0-4144-be3e-476398d9721a","0","0","1647332379410"
"-94","29382d43-0bf0-4144-be3e-476398d9721a","0","0","1647332379748"
"-94","29382d43-0bf0-4144-be3e-476398d9721a","0","0","1647332379980"
"-93","29382d43-0bf0-4144-be3e-476398d9721a","0","0","1647332380367"
"-96","29382d43-0bf0-4144-be3e-476398d9721a","0","0","1647332380590"
"-94","29382d43-0bf0-4144-be3e-476398d9721a","0","0","1647332380719"
"-99","29382d43-0bf0-4144-be3e-476398d9721a","0","0","1647332380814"
"-95","29382d43-0bf0-4144-be3e-476398d9721a","0","0","1647332380948"
"-95","29382d43-0bf0-4144-be3e-476398d9721a","0","0","1647332381054"
"-93","29382d43-0bf0-4144-be3e-476398d9721a","0","0","1647332381194"
"-96","29382d43-0bf0-4144-be3e-476398d9721a","0","0","1647332381292"
"-93","29382d43-0bf0-4144-be3e-476398d9721a","0","0","1647332381551"
"-97","29382d43-0bf0-4144-be3e-476398d9721a","0","0","1647332381792"
"-91","29382d43-0bf0-4144-be3e-476398d9721a","0","0","1647332381923"
"-92","29382d43-0bf0-4144-be3e-476398d9721a","0","0","1647332382023"
"-92","29382d43-0bf0-4144-be3e-476398d9721a","0","0","1647332382167"
"-91","29382d43-0bf0-4144-be3e-476398d9721a","0","0","1647332382261"
"-90","29382d43-0bf0-4144-be3e-476398d9721a","0","0","1647332382510"
"-94","29382d43-0bf0-4144-be3e-476398d9721a","0","0","1647332382726"
"-91","29382d43-0bf0-4144-be3e-476398d9721a","0","0","1647332382966"
"-101","29382d43-0bf0-4144-be3e-476398d9721a","0","0","1647332383203"
"-94","29382d43-0bf0-4144-be3e-476398d9721a","0","0","1647332383457"
"-90","29382d43-0bf0-4144-be3e-476398d9721a","0","0","1647332383583"
"-93","29382d43-0bf0-4144-be3e-476398d9721a","0","0","1647332383844"
"-95","29382d43-0bf0-4144-be3e-476398d9721a","0","0","1647332383917"
"-99","29382d43-0bf0-4144-be3e-476398d9721a","0","0","1647332384186"
"-98","29382d43-0bf0-4144-be3e-476398d9721a","0","0","1647332384427"
"-92","29382d43-0bf0-4144-be3e-476398d9721a","0","0","1647332384708"
"-91","29382d43-0bf0-4144-be3e-476398d9721a","0","0","1647332384831"
"-92","29382d43-0bf0-4144-be3e-476398d9721a","0","0","1647332385123"
"-99","29382d43-0bf0-4144-be3e-476398d9721a","0","0","1647332385394"
"-93","29382d43-0bf0-4144-be3e-476398d9721a","0","0","1647332385540"
"-92","29382d43-0bf0-4144-be3e-476398d9721a","0","0","1647332385907"
"-98","29382d43-0bf0-4144-be3e-476398d9721a","0","0","1647332386084"
"-93","29382d43-0bf0-4144-be3e-476398d9721a","0","0","1647332386270"
"-93","29382d43-0bf0-4144-be3e-476398d9721a","0","0","1647332386329"
"-91","29382d43-0bf0-4144-be3e-476398d9721a","0","0","1647332386617"
"-89","29382d43-0bf0-4144-be3e-476398d9721a","0","0","1647332386985"
"-91","29382d43-0bf0-4144-be3e-476398d9721a","0","0","1647332387229"
"-92","29382d43-0bf0-4144-be3e-476398d9721a","0","0","1647332387294"
"-89","29382d43-0bf0-4144-be3e-476398d9721a","0","0","1647332387531"
"-91","29382d43-0bf0-4144-be3e-476398d9721a","0","0","1647332387925"
"-88","29382d43-0bf0-4144-be3e-476398d9721a","0","0","1647332388281"
"-89","29382d43-0bf0-4144-be3e-476398d9721a","0","0","1647332388521"
"-88","29382d43-0bf0-4144-be3e-476398d9721a","0","0","1647332388759"
"-91","29382d43-0bf0-4144-be3e-476398d9721a","0","0","1647332389160"
"-93","29382d43-0bf0-4144-be3e-476398d9721a","0","0","1647332389508"
"-99","29382d43-0bf0-4144-be3e-476398d9721a","0","0","1647332389974"
"-92","29382d43-0bf0-4144-be3e-476398d9721a","0","0","1647332390120"
"-92","29382d43-0bf0-4144-be3e-476398d9721a","0","0","1647332390515"
"-99","29382d43-0bf0-4144-be3e-476398d9721a","0","0","1647332390682"
"-91","29382d43-0bf0-4144-be3e-476398d9721a","0","0","1647332390858"
"-91","29382d43-0bf0-4144-be3e-476398d9721a","0","0","1647332390914"
"-99","29382d43-0bf0-4144-be3e-476398d9721a","0","0","1647332392430"
"-99","29382d43-0bf0-4144-be3e-476398d9721a","0","0","1647332392553"
"-94","29382d43-0bf0-4144-be3e-476398d9721a","0","0","1647332392977"
"-94","29382d43-0bf0-4144-be3e-476398d9721a","0","0","1647332393722"
"-96","29382d43-0bf0-4144-be3e-476398d9721a","0","0","1647332393741"
"-99","29382d43-0bf0-4144-be3e-476398d9721a","0","0","1647332394184"
"-99","29382d43-0bf0-4144-be3e-476398d9721a","0","0","1647332394202"
"-95","29382d43-0bf0-4144-be3e-476398d9721a","0","0","1647332394665"
"-95","29382d43-0bf0-4144-be3e-476398d9721a","0","0","1647332394682"
"-97","29382d43-0bf0-4144-be3e-476398d9721a","0","0","1647332395360"
"-97","29382d43-0bf0-4144-be3e-476398d9721a","0","0","1647332395596"
"-99","29382d43-0bf0-4144-be3e-476398d9721a","0","0","1647332395855"
"-92","29382d43-0bf0-4144-be3e-476398d9721a","0","0","1647332396528"
"-92","29382d43-0bf0-4144-be3e-476398d9721a","0","0","1647332396541"
"-99","29382d43-0bf0-4144-be3e-476398d9721a","0","0","1647332396765"
"-93","29382d43-0bf0-4144-be3e-476398d9721a","0","0","1647332396913"
"-91","29382d43-0bf0-4144-be3e-476398d9721a","0","0","1647332397020"
"-91","29382d43-0bf0-4144-be3e-476398d9721a","0","0","1647332397250"
"-92","29382d43-0bf0-4144-be3e-476398d9721a","0","0","1647332397269"
"-91","29382d43-0bf0-4144-be3e-476398d9721a","0","0","1647332397442"
"-91","29382d43-0bf0-4144-be3e-476398d9721a","0","0","1647332398154"
"-91","29382d43-0bf0-4144-be3e-476398d9721a","0","0","1647332398204"
"-91","29382d43-0bf0-4144-be3e-476398d9721a","0","0","1647332398468"
"-91","29382d43-0bf0-4144-be3e-476398d9721a","0","0","1647332398945"
"-94","29382d43-0bf0-4144-be3e-476398d9721a","0","0","1647332400306"
"-93","29382d43-0bf0-4144-be3e-476398d9721a","0","0","1647332400753"
"-95","29382d43-0bf0-4144-be3e-476398d9721a","0","0","1647332401016"
"-99","29382d43-0bf0-4144-be3e-476398d9721a","0","0","1647332401118"
"-98","29382d43-0bf0-4144-be3e-476398d9721a","0","0","1647332401260"
"-99","29382d43-0bf0-4144-be3e-476398d9721a","0","0","1647332401801"
"-94","29382d43-0bf0-4144-be3e-476398d9721a","0","0","1647332401988"
"-98","29382d43-0bf0-4144-be3e-476398d9721a","0","0","1647332402033"
"-94","29382d43-0bf0-4144-be3e-476398d9721a","0","0","1647332402494"
"-92","29382d43-0bf0-4144-be3e-476398d9721a","0","0","1647332403206"
"-92","29382d43-0bf0-4144-be3e-476398d9721a","0","0","1647332403240"
"-94","29382d43-0bf0-4144-be3e-476398d9721a","0","0","1647332403508"
"-91","29382d43-0bf0-4144-be3e-476398d9721a","0","0","1647332403816"
"-92","29382d43-0bf0-4144-be3e-476398d9721a","0","0","1647332404157"
"-93","29382d43-0bf0-4144-be3e-476398d9721a","0","0","1647332404200"
"-89","29382d43-0bf0-4144-be3e-476398d9721a","0","0","1647332404434"
"-88","29382d43-0bf0-4144-be3e-476398d9721a","0","0","1647332404594"
"-88","29382d43-0bf0-4144-be3e-476398d9721a","0","0","1647332404892"
"-97","29382d43-0bf0-4144-be3e-476398d9721a","0","0","1647332405845"
"-99","29382d43-0bf0-4144-be3e-476398d9721a","0","0","1647332406675"
"-100","29382d43-0bf0-4144-be3e-476398d9721a","0","0","1647332406908"
"-94","29382d43-0bf0-4144-be3e-476398d9721a","0","0","1647332407065"
"-86","29382d43-0bf0-4144-be3e-476398d9721a","0","0","1647332407161"
"-94","29382d43-0bf0-4144-be3e-476398d9721a","0","0","1647332407863"
"-88","29382d43-0bf0-4144-be3e-476398d9721a","0","0","1647332408048"
"-92","29382d43-0bf0-4144-be3e-476398d9721a","0","0","1647332408418"
"-94","29382d43-0bf0-4144-be3e-476398d9721a","0","0","1647332409001"
"-95","29382d43-0bf0-4144-be3e-476398d9721a","0","0","1647332409057"
"-93","29382d43-0bf0-4144-be3e-476398d9721a","0","0","1647332409363"
"-91","29382d43-0bf0-4144-be3e-476398d9721a","0","0","1647332409781"
"-87","29382d43-0bf0-4144-be3e-476398d9721a","0","0","1647332409939"
"-88","29382d43-0bf0-4144-be3e-476398d9721a","0","0","1647332410310"
"-89","29382d43-0bf0-4144-be3e-476398d9721a","0","0","1647332410705"
"-88","29382d43-0bf0-4144-be3e-476398d9721a","0","0","1647332410893"
"-88","29382d43-0bf0-4144-be3e-476398d9721a","0","0","1647332410980"
"-92","29382d43-0bf0-4144-be3e-476398d9721a","0","0","1647332411891"
"-95","29382d43-0bf0-4144-be3e-476398d9721a","0","0","1647332412132"
"-88","29382d43-0bf0-4144-be3e-476398d9721a","0","0","1647332412272"
"-88","29382d43-0bf0-4144-be3e-476398d9721a","0","0","1647332412822"
"-88","29382d43-0bf0-4144-be3e-476398d9721a","0","0","1647332413064"
"-89","29382d43-0bf0-4144-be3e-476398d9721a","0","0","1647332413200"
"-97","29382d43-0bf0-4144-be3e-476398d9721a","0","0","1647332414176"
"-95","29382d43-0bf0-4144-be3e-476398d9721a","0","0","1647332414425"
"-99","29382d43-0bf0-4144-be3e-476398d9721a","0","0","1647332414834"
"-88","29382d43-0bf0-4144-be3e-476398d9721a","0","0","1647332414982"
"-88","29382d43-0bf0-4144-be3e-476398d9721a","0","0","1647332415139"
"-91","29382d43-0bf0-4144-be3e-476398d9721a","0","0","1647332415254"
"-88","29382d43-0bf0-4144-be3e-476398d9721a","0","0","1647332415379"
"-87","29382d43-0bf0-4144-be3e-476398d9721a","0","0","1647332415681"
"-87","29382d43-0bf0-4144-be3e-476398d9721a","0","0","1647332415916"
"-89","29382d43-0bf0-4144-be3e-476398d9721a","0","0","1647332416092"
"-89","29382d43-0bf0-4144-be3e-476398d9721a","0","0","1647332416110"
"-88","29382d43-0bf0-4144-be3e-476398d9721a","0","0","1647332416180"
"-86","29382d43-0bf0-4144-be3e-476398d9721a","0","0","1647332416365"
"-88","29382d43-0bf0-4144-be3e-476398d9721a","0","0","1647332416459"
"-85","29382d43-0bf0-4144-be3e-476398d9721a","0","0","1647332416649"
"-89","29382d43-0bf0-4144-be3e-476398d9721a","0","0","1647332416832"
"-88","29382d43-0bf0-4144-be3e-476398d9721a","0","0","1647332416886"
"-86","29382d43-0bf0-4144-be3e-476398d9721a","0","0","1647332417081"
"-89","29382d43-0bf0-4144-be3e-476398d9721a","0","0","1647332417205"
"-85","29382d43-0bf0-4144-be3e-476398d9721a","0","0","1647332417404"
"-88","29382d43-0bf0-4144-be3e-476398d9721a","0","0","1647332417547"
"-85","29382d43-0bf0-4144-be3e-476398d9721a","0","0","1647332417835"
"-85","29382d43-0bf0-4144-be3e-476398d9721a","0","0","1647332417851"
"-97","29382d43-0bf0-4144-be3e-476398d9721a","0","0","1647332418298"
"-93","29382d43-0bf0-4144-be3e-476398d9721a","0","0","1647332418524"
"-93","29382d43-0bf0-4144-be3e-476398d9721a","0","0","1647332418777"
"-97","29382d43-0bf0-4144-be3e-476398d9721a","0","0","1647332419004"
"-97","29382d43-0bf0-4144-be3e-476398d9721a","0","0","1647332419022"
"-93","29382d43-0bf0-4144-be3e-476398d9721a","0","0","1647332419234"
"-96","29382d43-0bf0-4144-be3e-476398d9721a","0","0","1647332419466"
"-96","29382d43-0bf0-4144-be3e-476398d9721a","0","0","1647332419485"
"-98","29382d43-0bf0-4144-be3e-476398d9721a","0","0","1647332419697"
"-98","29382d43-0bf0-4144-be3e-476398d9721a","0","0","1647332419929"
"-99","29382d43-0bf0-4144-be3e-476398d9721a","0","0","1647332419946"
"-94","29382d43-0bf0-4144-be3e-476398d9721a","0","0","1647332420414"
"-94","29382d43-0bf0-4144-be3e-476398d9721a","0","0","1647332420438"
"-96","29382d43-0bf0-4144-be3e-476398d9721a","0","0","1647332421112"
"-89","29382d43-0bf0-4144-be3e-476398d9721a","0","0","1647332421234"
"-87","29382d43-0bf0-4144-be3e-476398d9721a","0","0","1647332421589"
"-87","29382d43-0bf0-4144-be3e-476398d9721a","0","0","1647332421607"
"-85","29382d43-0bf0-4144-be3e-476398d9721a","0","0","1647332421889"
"-95","29382d43-0bf0-4144-be3e-476398d9721a","0","0","1647332422054"
"-85","29382d43-0bf0-4144-be3e-476398d9721a","0","0","1647332422226"
"-85","29382d43-0bf0-4144-be3e-476398d9721a","0","0","1647332422283"
"-85","29382d43-0bf0-4144-be3e-476398d9721a","0","0","1647332422595"
"-85","29382d43-0bf0-4144-be3e-476398d9721a","0","0","1647332422840"
"-86","29382d43-0bf0-4144-be3e-476398d9721a","0","0","1647332423209"
"-85","29382d43-0bf0-4144-be3e-476398d9721a","0","0","1647332423550"
"-85","29382d43-0bf0-4144-be3e-476398d9721a","0","0","1647332423797"
"-86","29382d43-0bf0-4144-be3e-476398d9721a","0","0","1647332424058"
"-84","29382d43-0bf0-4144-be3e-476398d9721a","0","0","1647332424396"
"-85","29382d43-0bf0-4144-be3e-476398d9721a","0","0","1647332424766"
"-85","29382d43-0bf0-4144-be3e-476398d9721a","0","0","1647332424881"
"-86","29382d43-0bf0-4144-be3e-476398d9721a","0","0","1647332425136"
"-91","29382d43-0bf0-4144-be3e-476398d9721a","0","0","1647332425594"
"-85","29382d43-0bf0-4144-be3e-476398d9721a","0","0","1647332425832"
"-92","29382d43-0bf0-4144-be3e-476398d9721a","0","0","1647332425965"
"-85","29382d43-0bf0-4144-be3e-476398d9721a","0","0","1647332426090"
"-91","29382d43-0bf0-4144-be3e-476398d9721a","0","0","1647332426353"
"-86","29382d43-0bf0-4144-be3e-476398d9721a","0","0","1647332426558"
"-91","29382d43-0bf0-4144-be3e-476398d9721a","0","0","1647332426797"
"-99","29382d43-0bf0-4144-be3e-476398d9721a","0","0","1647332427034"
"-94","29382d43-0bf0-4144-be3e-476398d9721a","0","0","1647332427172"
"-96","29382d43-0bf0-4144-be3e-476398d9721a","0","0","1647332427505"
"-89","29382d43-0bf0-4144-be3e-476398d9721a","0","0","1647332427635"
"-96","29382d43-0bf0-4144-be3e-476398d9721a","0","0","1647332428001"
"-94","29382d43-0bf0-4144-be3e-476398d9721a","0","0","1647332428255"
"-84","29382d43-0bf0-4144-be3e-476398d9721a","0","0","1647332428380"
"-89","29382d43-0bf0-4144-be3e-476398d9721a","0","0","1647332428629"
"-88","29382d43-0bf0-4144-be3e-476398d9721a","0","0","1647332428701"
"-90","29382d43-0bf0-4144-be3e-476398d9721a","0","0","1647332428926"
"-89","29382d43-0bf0-4144-be3e-476398d9721a","0","0","1647332429194"
"-85","29382d43-0bf0-4144-be3e-476398d9721a","0","0","1647332429340"
"-84","29382d43-0bf0-4144-be3e-476398d9721a","0","0","1647332429589"
"-88","29382d43-0bf0-4144-be3e-476398d9721a","0","0","1647332429908"
"-87","29382d43-0bf0-4144-be3e-476398d9721a","0","0","1647332430055"
"-87","29382d43-0bf0-4144-be3e-476398d9721a","0","0","1647332430148"
"-85","29382d43-0bf0-4144-be3e-476398d9721a","0","0","1647332430410"
"-87","29382d43-0bf0-4144-be3e-476398d9721a","0","0","1647332430790"
"-88","29382d43-0bf0-4144-be3e-476398d9721a","0","0","1647332430891"
"-86","29382d43-0bf0-4144-be3e-476398d9721a","0","0","1647332431123"
"-85","29382d43-0bf0-4144-be3e-476398d9721a","0","0","1647332431529"
"-89","29382d43-0bf0-4144-be3e-476398d9721a","0","0","1647332431849"
"-87","29382d43-0bf0-4144-be3e-476398d9721a","0","0","1647332432094"
"-90","29382d43-0bf0-4144-be3e-476398d9721a","0","0","1647332432233"
"-89","29382d43-0bf0-4144-be3e-476398d9721a","0","0","1647332432335"
"-86","29382d43-0bf0-4144-be3e-476398d9721a","0","0","1647332432475"
"-91","29382d43-0bf0-4144-be3e-476398d9721a","0","0","1647332433057"
"-94","29382d43-0bf0-4144-be3e-476398d9721a","0","0","1647332433289"
"-96","29382d43-0bf0-4144-be3e-476398d9721a","0","0","1647332433460"
"-99","29382d43-0bf0-4144-be3e-476398d9721a","0","0","1647332433530"
"-100","29382d43-0bf0-4144-be3e-476398d9721a","0","0","1647332433938"
"-93","29382d43-0bf0-4144-be3e-476398d9721a","0","0","1647332434476"
"-85","29382d43-0bf0-4144-be3e-476398d9721a","0","0","1647332434900"
"-86","29382d43-0bf0-4144-be3e-476398d9721a","0","0","1647332435181"
"-86","29382d43-0bf0-4144-be3e-476398d9721a","0","0","1647332435315"
"-88","29382d43-0bf0-4144-be3e-476398d9721a","0","0","1647332435855"
"-86","29382d43-0bf0-4144-be3e-476398d9721a","0","0","1647332436134"
"-91","29382d43-0bf0-4144-be3e-476398d9721a","0","0","1647332437094"
"-96","29382d43-0bf0-4144-be3e-476398d9721a","0","0","1647332437426"
"-96","29382d43-0bf0-4144-be3e-476398d9721a","0","0","1647332437763"
"-96","29382d43-0bf0-4144-be3e-476398d9721a","0","0","1647332437781"
"-97","29382d43-0bf0-4144-be3e-476398d9721a","0","0","1647332438279"
"-86","29382d43-0bf0-4144-be3e-476398d9721a","0","0","1647332438513"
"-86","29382d43-0bf0-4144-be3e-476398d9721a","0","0","1647332438530"
"-91","29382d43-0bf0-4144-be3e-476398d9721a","0","0","1647332438753"
"-90","29382d43-0bf0-4144-be3e-476398d9721a","0","0","1647332438987"
"-90","29382d43-0bf0-4144-be3e-476398d9721a","0","0","1647332439005"
"-88","29382d43-0bf0-4144-be3e-476398d9721a","0","0","1647332439153"
"-87","29382d43-0bf0-4144-be3e-476398d9721a","0","0","1647332439469"
"-87","29382d43-0bf0-4144-be3e-476398d9721a","0","0","1647332439486"
"-89","29382d43-0bf0-4144-be3e-476398d9721a","0","0","1647332439911"
"-89","29382d43-0bf0-4144-be3e-476398d9721a","0","0","1647332439928"
"-93","29382d43-0bf0-4144-be3e-476398d9721a","0","0","1647332440145"
"-94","29382d43-0bf0-4144-be3e-476398d9721a","0","0","1647332440384"
"-94","29382d43-0bf0-4144-be3e-476398d9721a","0","0","1647332440403"
"-95","29382d43-0bf0-4144-be3e-476398d9721a","0","0","1647332440645"
"-99","29382d43-0bf0-4144-be3e-476398d9721a","0","0","1647332440873"
"-88","29382d43-0bf0-4144-be3e-476398d9721a","0","0","1647332441103"
"-94","29382d43-0bf0-4144-be3e-476398d9721a","0","0","1647332441334"
"-93","29382d43-0bf0-4144-be3e-476398d9721a","0","0","1647332441352"
"-91","29382d43-0bf0-4144-be3e-476398d9721a","0","0","1647332441564"
"-89","29382d43-0bf0-4144-be3e-476398d9721a","0","0","1647332441823"
"-88","29382d43-0bf0-4144-be3e-476398d9721a","0","0","1647332442053"
"-88","29382d43-0bf0-4144-be3e-476398d9721a","0","0","1647332442072"
"-90","29382d43-0bf0-4144-be3e-476398d9721a","0","0","1647332442433"
"-90","29382d43-0bf0-4144-be3e-476398d9721a","0","0","1647332442527"
"-88","29382d43-0bf0-4144-be3e-476398d9721a","0","0","1647332442757"
"-89","29382d43-0bf0-4144-be3e-476398d9721a","0","0","1647332442998"
"-90","29382d43-0bf0-4144-be3e-476398d9721a","0","0","1647332443387"
"-91","29382d43-0bf0-4144-be3e-476398d9721a","0","0","1647332443478"
"-90","29382d43-0bf0-4144-be3e-476398d9721a","0","0","1647332443719"
"-93","29382d43-0bf0-4144-be3e-476398d9721a","0","0","1647332444126"
"-87","29382d43-0bf0-4144-be3e-476398d9721a","0","0","1647332444450"
"-93","29382d43-0bf0-4144-be3e-476398d9721a","0","0","1647332444831"
"-91","29382d43-0bf0-4144-be3e-476398d9721a","0","0","1647332444913"
"-87","29382d43-0bf0-4144-be3e-476398d9721a","0","0","1647332445367"
"-87","29382d43-0bf0-4144-be3e-476398d9721a","0","0","1647332446021"
"-85","29382d43-0bf0-4144-be3e-476398d9721a","0","0","1647332446322"
"-97","29382d43-0bf0-4144-be3e-476398d9721a","0","0","1647332446545"
"-91","29382d43-0bf0-4144-be3e-476398d9721a","0","0","1647332446730"
"-90","29382d43-0bf0-4144-be3e-476398d9721a","0","0","1647332446835"
"-97","29382d43-0bf0-4144-be3e-476398d9721a","0","0","1647332447260"
"-91","29382d43-0bf0-4144-be3e-476398d9721a","0","0","1647332447463"
"-89","29382d43-0bf0-4144-be3e-476398d9721a","0","0","1647332447803"
"-88","29382d43-0bf0-4144-be3e-476398d9721a","0","0","1647332448221"
"-89","29382d43-0bf0-4144-be3e-476398d9721a","0","0","1647332448418"
"-93","29382d43-0bf0-4144-be3e-476398d9721a","0","0","1647332448788"
"-90","29382d43-0bf0-4144-be3e-476398d9721a","0","0","1647332449127"
"-91","29382d43-0bf0-4144-be3e-476398d9721a","0","0","1647332449148"
"-90","29382d43-0bf0-4144-be3e-476398d9721a","0","0","1647332449497"
"-87","29382d43-0bf0-4144-be3e-476398d9721a","0","0","1647332450118"
"-88","29382d43-0bf0-4144-be3e-476398d9721a","0","0","1647332450439"
"-100","29382d43-0bf0-4144-be3e-476398d9721a","0","0","1647332450679"
"-89","29382d43-0bf0-4144-be3e-476398d9721a","0","0","1647332450809"
"-87","29382d43-0bf0-4144-be3e-476398d9721a","0","0","1647332451069"
"-89","29382d43-0bf0-4144-be3e-476398d9721a","0","0","1647332451395"
"-100","29382d43-0bf0-4144-be3e-476398d9721a","0","0","1647332451523"
"-93","29382d43-0bf0-4144-be3e-476398d9721a","0","0","1647332451896"
"-89","29382d43-0bf0-4144-be3e-476398d9721a","0","0","1647332452172"
"-98","29382d43-0bf0-4144-be3e-476398d9721a","0","0","1647332452388"
"-90","29382d43-0bf0-4144-be3e-476398d9721a","0","0","1647332452871"
"-97","29382d43-0bf0-4144-be3e-476398d9721a","0","0","1647332453103"
"-98","29382d43-0bf0-4144-be3e-476398d9721a","0","0","1647332453188"
"-94","29382d43-0bf0-4144-be3e-476398d9721a","0","0","1647332453817"
"-95","29382d43-0bf0-4144-be3e-476398d9721a","0","0","1647332453962"
"-92","29382d43-0bf0-4144-be3e-476398d9721a","0","0","1647332454089"
"-93","29382d43-0bf0-4144-be3e-476398d9721a","0","0","1647332454388"
"-98","29382d43-0bf0-4144-be3e-476398d9721a","0","0","1647332454515"
"-97","29382d43-0bf0-4144-be3e-476398d9721a","0","0","1647332454641"
"-90","29382d43-0bf0-4144-be3e-476398d9721a","0","0","1647332455043"
"-90","29382d43-0bf0-4144-be3e-476398d9721a","0","0","1647332455345"
"-91","29382d43-0bf0-4144-be3e-476398d9721a","0","0","1647332455739"
"-95","29382d43-0bf0-4144-be3e-476398d9721a","0","0","1647332456314"
"-97","29382d43-0bf0-4144-be3e-476398d9721a","0","0","1647332456556"
"-89","29382d43-0bf0-4144-be3e-476398d9721a","0","0","1647332456723"
"-90","29382d43-0bf0-4144-be3e-476398d9721a","0","0","1647332456789"
"-88","29382d43-0bf0-4144-be3e-476398d9721a","0","0","1647332457751"
"-88","29382d43-0bf0-4144-be3e-476398d9721a","0","0","1647332457768"
"-88","29382d43-0bf0-4144-be3e-476398d9721a","0","0","1647332458356"
"-88","29382d43-0bf0-4144-be3e-476398d9721a","0","0","1647332458938"
"-88","29382d43-0bf0-4144-be3e-476398d9721a","0","0","1647332458953"
"-88","29382d43-0bf0-4144-be3e-476398d9721a","0","0","1647332459633"
"-88","29382d43-0bf0-4144-be3e-476398d9721a","0","0","1647332460580"
"-88","29382d43-0bf0-4144-be3e-476398d9721a","0","0","1647332461521"
"-89","29382d43-0bf0-4144-be3e-476398d9721a","0","0","1647332462473"
"-89","29382d43-0bf0-4144-be3e-476398d9721a","0","0","1647332462490"
"-91","29382d43-0bf0-4144-be3e-476398d9721a","0","0","1647332463077"
"-90","29382d43-0bf0-4144-be3e-476398d9721a","0","0","1647332463165"
"-89","29382d43-0bf0-4144-be3e-476398d9721a","0","0","1647332463455"
"-88","29382d43-0bf0-4144-be3e-476398d9721a","0","0","1647332464047"
"-89","29382d43-0bf0-4144-be3e-476398d9721a","0","0","1647332464125"
"-88","29382d43-0bf0-4144-be3e-476398d9721a","0","0","1647332464390"
"-91","29382d43-0bf0-4144-be3e-476398d9721a","0","0","1647332465855"
"-91","29382d43-0bf0-4144-be3e-476398d9721a","0","0","1647332465920"
"-90","29382d43-0bf0-4144-be3e-476398d9721a","0","0","1647332466689"
"-90","29382d43-0bf0-4144-be3e-476398d9721a","0","0","1647332467103"
"-90","29382d43-0bf0-4144-be3e-476398d9721a","0","0","1647332467110"
"-89","29382d43-0bf0-4144-be3e-476398d9721a","0","0","1647332467406"
"-86","29382d43-0bf0-4144-be3e-476398d9721a","0","0","1647332468019"
"-86","29382d43-0bf0-4144-be3e-476398d9721a","0","0","1647332468092"
"-85","29382d43-0bf0-4144-be3e-476398d9721a","0","0","1647332468390"
"-84","29382d43-0bf0-4144-be3e-476398d9721a","0","0","1647332468758"
"-84","29382d43-0bf0-4144-be3e-476398d9721a","0","0","1647332469002"
"-84","29382d43-0bf0-4144-be3e-476398d9721a","0","0","1647332469049"
"-93","29382d43-0bf0-4144-be3e-476398d9721a","0","0","1647332469294"
"-90","29382d43-0bf0-4144-be3e-476398d9721a","0","0","1647332469711"
"-93","29382d43-0bf0-4144-be3e-476398d9721a","0","0","1647332470020"
"-96","29382d43-0bf0-4144-be3e-476398d9721a","0","0","1647332470255"
"-88","29382d43-0bf0-4144-be3e-476398d9721a","0","0","1647332470664"
"-88","29382d43-0bf0-4144-be3e-476398d9721a","0","0","1647332470952"
"-88","29382d43-0bf0-4144-be3e-476398d9721a","0","0","1647332471519"
"-88","29382d43-0bf0-4144-be3e-476398d9721a","0","0","1647332471859"
"-88","29382d43-0bf0-4144-be3e-476398d9721a","0","0","1647332471911"
"-99","29382d43-0bf0-4144-be3e-476398d9721a","0","0","1647332472431"
"-90","29382d43-0bf0-4144-be3e-476398d9721a","0","0","1647332472596"
"-91","29382d43-0bf0-4144-be3e-476398d9721a","0","0","1647332472873"
"-90","29382d43-0bf0-4144-be3e-476398d9721a","0","0","1647332473180"
"-90","29382d43-0bf0-4144-be3e-476398d9721a","0","0","1647332473551"
"-94","29382d43-0bf0-4144-be3e-476398d9721a","0","0","1647332473799"
"-97","29382d43-0bf0-4144-be3e-476398d9721a","0","0","1647332474015"
"-88","29382d43-0bf0-4144-be3e-476398d9721a","0","0","1647332474139"
"-95","29382d43-0bf0-4144-be3e-476398d9721a","0","0","1647332474749"
"-87","29382d43-0bf0-4144-be3e-476398d9721a","0","0","1647332474973"
"-91","29382d43-0bf0-4144-be3e-476398d9721a","0","0","1647332475104"
"-86","29382d43-0bf0-4144-be3e-476398d9721a","0","0","1647332475344"
"-94","29382d43-0bf0-4144-be3e-476398d9721a","0","0","1647332475592"
"-87","29382d43-0bf0-4144-be3e-476398d9721a","0","0","1647332475716"
"-87","29382d43-0bf0-4144-be3e-476398d9721a","0","0","1647332476060"
"-97","29382d43-0bf0-4144-be3e-476398d9721a","0","0","1647332476272"
"-87","29382d43-0bf0-4144-be3e-476398d9721a","0","0","1647332476675"
"-88","29382d43-0bf0-4144-be3e-476398d9721a","0","0","1647332477152"
"-99","29382d43-0bf0-4144-be3e-476398d9721a","0","0","1647332477866"
"-93","29382d43-0bf0-4144-be3e-476398d9721a","0","0","1647332478322"
"-87","29382d43-0bf0-4144-be3e-476398d9721a","0","0","1647332478792"
"-87","29382d43-0bf0-4144-be3e-476398d9721a","0","0","1647332479051"
"-89","29382d43-0bf0-4144-be3e-476398d9721a","0","0","1647332479281"
"-88","29382d43-0bf0-4144-be3e-476398d9721a","0","0","1647332479298"
"-86","29382d43-0bf0-4144-be3e-476398d9721a","0","0","1647332479983"
"-100","29382d43-0bf0-4144-be3e-476398d9721a","0","0","1647332480113"
"-95","29382d43-0bf0-4144-be3e-476398d9721a","0","0","1647332480480"
"-95","29382d43-0bf0-4144-be3e-476398d9721a","0","0","1647332480499"
"-88","29382d43-0bf0-4144-be3e-476398d9721a","0","0","1647332480709"
"-97","29382d43-0bf0-4144-be3e-476398d9721a","0","0","1647332480932"
"-96","29382d43-0bf0-4144-be3e-476398d9721a","0","0","1647332480951"
"-98","29382d43-0bf0-4144-be3e-476398d9721a","0","0","1647332481158"
"-89","29382d43-0bf0-4144-be3e-476398d9721a","0","0","1647332481394"
"-88","29382d43-0bf0-4144-be3e-476398d9721a","0","0","1647332481412"
"-88","29382d43-0bf0-4144-be3e-476398d9721a","0","0","1647332481636"
"-87","29382d43-0bf0-4144-be3e-476398d9721a","0","0","1647332481953"
"-87","29382d43-0bf0-4144-be3e-476398d9721a","0","0","1647332482325"
"-87","29382d43-0bf0-4144-be3e-476398d9721a","0","0","1647332482348"
"-98","29382d43-0bf0-4144-be3e-476398d9721a","0","0","1647332482674"
"-87","29382d43-0bf0-4144-be3e-476398d9721a","0","0","1647332482907"
"-87","29382d43-0bf0-4144-be3e-476398d9721a","0","0","1647332483278"
"-87","29382d43-0bf0-4144-be3e-476398d9721a","0","0","1647332483327"
"-99","29382d43-0bf0-4144-be3e-476398d9721a","0","0","1647332483560"
"-87","29382d43-0bf0-4144-be3e-476398d9721a","0","0","1647332483886"
"-87","29382d43-0bf0-4144-be3e-476398d9721a","0","0","1647332483962"
"-87","29382d43-0bf0-4144-be3e-476398d9721a","0","0","1647332484128"
"-86","29382d43-0bf0-4144-be3e-476398d9721a","0","0","1647332484467"
"-86","29382d43-0bf0-4144-be3e-476398d9721a","0","0","1647332484540"
"-95","29382d43-0bf0-4144-be3e-476398d9721a","0","0","1647332484833"
"-96","29382d43-0bf0-4144-be3e-476398d9721a","0","0","1647332485204"
"-97","29382d43-0bf0-4144-be3e-476398d9721a","0","0","1647332485497"
"-92","29382d43-0bf0-4144-be3e-476398d9721a","0","0","1647332486036"
"-92","29382d43-0bf0-4144-be3e-476398d9721a","0","0","1647332486423"
"-91","29382d43-0bf0-4144-be3e-476398d9721a","0","0","1647332487122"
"-94","29382d43-0bf0-4144-be3e-476398d9721a","0","0","1647332487606"
"-95","29382d43-0bf0-4144-be3e-476398d9721a","0","0","1647332487792"
"-98","29382d43-0bf0-4144-be3e-476398d9721a","0","0","1647332487958"
"-96","29382d43-0bf0-4144-be3e-476398d9721a","0","0","1647332488080"
"-89","29382d43-0bf0-4144-be3e-476398d9721a","0","0","1647332488450"
"-94","29382d43-0bf0-4144-be3e-476398d9721a","0","0","1647332488798"
"-88","29382d43-0bf0-4144-be3e-476398d9721a","0","0","1647332489172"
"-98","29382d43-0bf0-4144-be3e-476398d9721a","0","0","1647332489410"
"-91","29382d43-0bf0-4144-be3e-476398d9721a","0","0","1647332489535"
"-94","29382d43-0bf0-4144-be3e-476398d9721a","0","0","1647332489828"
"-99","29382d43-0bf0-4144-be3e-476398d9721a","0","0","1647332490354"
"-94","29382d43-0bf0-4144-be3e-476398d9721a","0","0","1647332490745"
"-94","29382d43-0bf0-4144-be3e-476398d9721a","0","0","1647332490968"
"-91","29382d43-0bf0-4144-be3e-476398d9721a","0","0","1647332491570"
"-91","29382d43-0bf0-4144-be3e-476398d9721a","0","0","1647332491920"
"-97","29382d43-0bf0-4144-be3e-476398d9721a","0","0","1647332492163"
"-91","29382d43-0bf0-4144-be3e-476398d9721a","0","0","1647332492870"
"-91","29382d43-0bf0-4144-be3e-476398d9721a","0","0","1647332493124"
"-99","29382d43-0bf0-4144-be3e-476398d9721a","0","0","1647332493364"
"-92","29382d43-0bf0-4144-be3e-476398d9721a","0","0","1647332493772"
"-98","29382d43-0bf0-4144-be3e-476398d9721a","0","0","1647332494072"
"-92","29382d43-0bf0-4144-be3e-476398d9721a","0","0","1647332494195"
"-91","29382d43-0bf0-4144-be3e-476398d9721a","0","0","1647332494479"
"-91","29382d43-0bf0-4144-be3e-476398d9721a","0","0","1647332494554"
"-93","29382d43-0bf0-4144-be3e-476398d9721a","0","0","1647332494848"
"-92","29382d43-0bf0-4144-be3e-476398d9721a","0","0","1647332495260"
"-95","29382d43-0bf0-4144-be3e-476398d9721a","0","0","1647332495474"
"-93","29382d43-0bf0-4144-be3e-476398d9721a","0","0","1647332495503"
"-89","29382d43-0bf0-4144-be3e-476398d9721a","0","0","1647332495829"
"-88","29382d43-0bf0-4144-be3e-476398d9721a","0","0","1647332496169"
"-89","29382d43-0bf0-4144-be3e-476398d9721a","0","0","1647332496540"
"-88","29382d43-0bf0-4144-be3e-476398d9721a","0","0","1647332496645"
"-96","29382d43-0bf0-4144-be3e-476398d9721a","0","0","1647332496753"
"-86","29382d43-0bf0-4144-be3e-476398d9721a","0","0","1647332497022"
"-88","29382d43-0bf0-4144-be3e-476398d9721a","0","0","1647332497362"
"-90","29382d43-0bf0-4144-be3e-476398d9721a","0","0","1647332497730"
"-92","29382d43-0bf0-4144-be3e-476398d9721a","0","0","1647332498122"
"-96","29382d43-0bf0-4144-be3e-476398d9721a","0","0","1647332498345"
"-96","29382d43-0bf0-4144-be3e-476398d9721a","0","0","1647332498572"
"-96","29382d43-0bf0-4144-be3e-476398d9721a","0","0","1647332498589"
"-90","29382d43-0bf0-4144-be3e-476398d9721a","0","0","1647332499027"
"-90","29382d43-0bf0-4144-be3e-476398d9721a","0","0","1647332499044"
"-98","29382d43-0bf0-4144-be3e-476398d9721a","0","0","1647332499258"
"-88","29382d43-0bf0-4144-be3e-476398d9721a","0","0","1647332499313"
"-93","29382d43-0bf0-4144-be3e-476398d9721a","0","0","1647332499738"
"-93","29382d43-0bf0-4144-be3e-476398d9721a","0","0","1647332499758"
"-89","29382d43-0bf0-4144-be3e-476398d9721a","0","0","1647332499974"
"-98","29382d43-0bf0-4144-be3e-476398d9721a","0","0","1647332500209"
"-98","29382d43-0bf0-4144-be3e-476398d9721a","0","0","1647332500226"
"-96","29382d43-0bf0-4144-be3e-476398d9721a","0","0","1647332500444"
"-95","29382d43-0bf0-4144-be3e-476398d9721a","0","0","1647332501179"
"-96","29382d43-0bf0-4144-be3e-476398d9721a","0","0","1647332501409"
"-96","29382d43-0bf0-4144-be3e-476398d9721a","0","0","1647332501427"
"-91","29382d43-0bf0-4144-be3e-476398d9721a","0","0","1647332501653"
"-92","29382d43-0bf0-4144-be3e-476398d9721a","0","0","1647332501874"
"-92","29382d43-0bf0-4144-be3e-476398d9721a","0","0","1647332501891"
"-94","29382d43-0bf0-4144-be3e-476398d9721a","0","0","1647332502116"
"-94","29382d43-0bf0-4144-be3e-476398d9721a","0","0","1647332502153"
"-92","29382d43-0bf0-4144-be3e-476398d9721a","0","0","1647332502527"
"-94","29382d43-0bf0-4144-be3e-476398d9721a","0","0","1647332502622"
"-91","29382d43-0bf0-4144-be3e-476398d9721a","0","0","1647332502862"
"-94","29382d43-0bf0-4144-be3e-476398d9721a","0","0","1647332503259"
"-90","29382d43-0bf0-4144-be3e-476398d9721a","0","0","1647332503586"
"-99","29382d43-0bf0-4144-be3e-476398d9721a","0","0","1647332503831"
"-100","29382d43-0bf0-4144-be3e-476398d9721a","0","0","1647332504308"
"-90","29382d43-0bf0-4144-be3e-476398d9721a","0","0","1647332504922"
"-93","29382d43-0bf0-4144-be3e-476398d9721a","0","0","1647332505292"
"-99","29382d43-0bf0-4144-be3e-476398d9721a","0","0","1647332505525"
"-101","29382d43-0bf0-4144-be3e-476398d9721a","0","0","1647332505713"
"-95","29382d43-0bf0-4144-be3e-476398d9721a","0","0","1647332506261"
"-100","29382d43-0bf0-4144-be3e-476398d9721a","0","0","1647332506499"
"-98","29382d43-0bf0-4144-be3e-476398d9721a","0","0","1647332507209"
"-93","29382d43-0bf0-4144-be3e-476398d9721a","0","0","1647332507588"
"-94","29382d43-0bf0-4144-be3e-476398d9721a","0","0","1647332508143"
"-89","29382d43-0bf0-4144-be3e-476398d9721a","0","0","1647332508871"
"-100","29382d43-0bf0-4144-be3e-476398d9721a","0","0","1647332509112"
"-92","29382d43-0bf0-4144-be3e-476398d9721a","0","0","1647332510063"
"-96","29382d43-0bf0-4144-be3e-476398d9721a","0","0","1647332510308"
"-93","29382d43-0bf0-4144-be3e-476398d9721a","0","0","1647332510479"
"-94","29382d43-0bf0-4144-be3e-476398d9721a","0","0","1647332510697"
"-95","29382d43-0bf0-4144-be3e-476398d9721a","0","0","1647332510760"
"-95","29382d43-0bf0-4144-be3e-476398d9721a","0","0","1647332510939"
"-94","29382d43-0bf0-4144-be3e-476398d9721a","0","0","1647332511015"
"-98","29382d43-0bf0-4144-be3e-476398d9721a","0","0","1647332511249"
"-97","29382d43-0bf0-4144-be3e-476398d9721a","0","0","1647332511435"
"-94","29382d43-0bf0-4144-be3e-476398d9721a","0","0","1647332511684"
"-98","29382d43-0bf0-4144-be3e-476398d9721a","0","0","1647332512400"
"-95","29382d43-0bf0-4144-be3e-476398d9721a","0","0","1647332512616"
"-98","29382d43-0bf0-4144-be3e-476398d9721a","0","0","1647332512741"
"-98","29382d43-0bf0-4144-be3e-476398d9721a","0","0","1647332513113"
"-99","29382d43-0bf0-4144-be3e-476398d9721a","0","0","1647332513825"
"-95","29382d43-0bf0-4144-be3e-476398d9721a","0","0","1647332514313"
"-94","29382d43-0bf0-4144-be3e-476398d9721a","0","0","1647332514406"
"-95","29382d43-0bf0-4144-be3e-476398d9721a","0","0","1647332514673"
"-97","29382d43-0bf0-4144-be3e-476398d9721a","0","0","1647332515049"
"-100","29382d43-0bf0-4144-be3e-476398d9721a","0","0","1647332515067"
"-97","29382d43-0bf0-4144-be3e-476398d9721a","0","0","1647332516043"
"-94","29382d43-0bf0-4144-be3e-476398d9721a","0","0","1647332517191"
"-100","29382d43-0bf0-4144-be3e-476398d9721a","0","0","1647332517685"
"-94","29382d43-0bf0-4144-be3e-476398d9721a","0","0","1647332519120"
"-97","29382d43-0bf0-4144-be3e-476398d9721a","0","0","1647332519588"
"-97","29382d43-0bf0-4144-be3e-476398d9721a","0","0","1647332519795"
"-97","29382d43-0bf0-4144-be3e-476398d9721a","0","0","1647332519812"
"-93","29382d43-0bf0-4144-be3e-476398d9721a","0","0","1647332520075"
"-94","29382d43-0bf0-4144-be3e-476398d9721a","0","0","1647332520091"
"-97","29382d43-0bf0-4144-be3e-476398d9721a","0","0","1647332520548"
"-98","29382d43-0bf0-4144-be3e-476398d9721a","0","0","1647332520566"
"-96","29382d43-0bf0-4144-be3e-476398d9721a","0","0","1647332520788"
"-95","29382d43-0bf0-4144-be3e-476398d9721a","0","0","1647332521735"
"-97","29382d43-0bf0-4144-be3e-476398d9721a","0","0","1647332521963"
"-98","29382d43-0bf0-4144-be3e-476398d9721a","0","0","1647332521982"
"-93","29382d43-0bf0-4144-be3e-476398d9721a","0","0","1647332522201"
"-99","29382d43-0bf0-4144-be3e-476398d9721a","0","0","1647332522348"
"-93","29382d43-0bf0-4144-be3e-476398d9721a","0","0","1647332522452"
"-93","29382d43-0bf0-4144-be3e-476398d9721a","0","0","1647332522599"
"-97","29382d43-0bf0-4144-be3e-476398d9721a","0","0","1647332522684"
"-94","29382d43-0bf0-4144-be3e-476398d9721a","0","0","1647332522865"
"-96","29382d43-0bf0-4144-be3e-476398d9721a","0","0","1647332522932"
"-93","29382d43-0bf0-4144-be3e-476398d9721a","0","0","1647332523080"
"-98","29382d43-0bf0-4144-be3e-476398d9721a","0","0","1647332523203"
"-96","29382d43-0bf0-4144-be3e-476398d9721a","0","0","1647332523390"
"-94","29382d43-0bf0-4144-be3e-476398d9721a","0","0","1647332523576"
"-96","29382d43-0bf0-4144-be3e-476398d9721a","0","0","1647332523819"
"-96","29382d43-0bf0-4144-be3e-476398d9721a","0","0","1647332523902"
"-96","29382d43-0bf0-4144-be3e-476398d9721a","0","0","1647332524040"
"-96","29382d43-0bf0-4144-be3e-476398d9721a","0","0","1647332524158"
"-94","29382d43-0bf0-4144-be3e-476398d9721a","0","0","1647332524528"
"-94","29382d43-0bf0-4144-be3e-476398d9721a","0","0","1647332524555"
"-91","29382d43-0bf0-4144-be3e-476398d9721a","0","0","1647332524862"
"-92","29382d43-0bf0-4144-be3e-476398d9721a","0","0","1647332525108"
"-96","29382d43-0bf0-4144-be3e-476398d9721a","0","0","1647332525583"
"-96","29382d43-0bf0-4144-be3e-476398d9721a","0","0","1647332525822"
"-94","29382d43-0bf0-4144-be3e-476398d9721a","0","0","1647332526525"
"-95","29382d43-0bf0-4144-be3e-476398d9721a","0","0","1647332526543"
"-93","29382d43-0bf0-4144-be3e-476398d9721a","0","0","1647332526689"
"-99","29382d43-0bf0-4144-be3e-476398d9721a","0","0","1647332527010"
"-93","29382d43-0bf0-4144-be3e-476398d9721a","0","0","1647332527425"
"-93","29382d43-0bf0-4144-be3e-476398d9721a","0","0","1647332527485"
"-93","29382d43-0bf0-4144-be3e-476398d9721a","0","0","1647332527791"
"-94","29382d43-0bf0-4144-be3e-476398d9721a","0","0","1647332528131"
"-96","29382d43-0bf0-4144-be3e-476398d9721a","0","0","1647332528195"
"-99","29382d43-0bf0-4144-be3e-476398d9721a","0","0","1647332528755"
"-93","29382d43-0bf0-4144-be3e-476398d9721a","0","0","1647332529421"
"-99","29382d43-0bf0-4144-be3e-476398d9721a","0","0","1647332529638"
"-93","29382d43-0bf0-4144-be3e-476398d9721a","0","0","1647332529807"
"-93","29382d43-0bf0-4144-be3e-476398d9721a","0","0","1647332530050"
"-86","29382d43-0bf0-4144-be3e-476398d9721a","0","0","1647332530364"
"-94","29382d43-0bf0-4144-be3e-476398d9721a","0","0","1647332530620"
"-99","29382d43-0bf0-4144-be3e-476398d9721a","0","0","1647332530771"
"-91","29382d43-0bf0-4144-be3e-476398d9721a","0","0","1647332531035"
"-91","29382d43-0bf0-4144-be3e-476398d9721a","0","0","1647332531296"
"-90","29382d43-0bf0-4144-be3e-476398d9721a","0","0","1647332531988"
"-90","29382d43-0bf0-4144-be3e-476398d9721a","0","0","1647332532261"
"-89","29382d43-0bf0-4144-be3e-476398d9721a","0","0","1647332532693"
"-96","29382d43-0bf0-4144-be3e-476398d9721a","0","0","1647332533432"
"-96","29382d43-0bf0-4144-be3e-476398d9721a","0","0","1647332533471"
"-88","29382d43-0bf0-4144-be3e-476398d9721a","0","0","1647332533675"
"-94","29382d43-0bf0-4144-be3e-476398d9721a","0","0","1647332533800"
"-92","29382d43-0bf0-4144-be3e-476398d9721a","0","0","1647332534043"
"-89","29382d43-0bf0-4144-be3e-476398d9721a","0","0","1647332534386"
"-89","29382d43-0bf0-4144-be3e-476398d9721a","0","0","1647332534422"
"-89","29382d43-0bf0-4144-be3e-476398d9721a","0","0","1647332534632"
"-88","29382d43-0bf0-4144-be3e-476398d9721a","0","0","1647332534755"
"-91","29382d43-0bf0-4144-be3e-476398d9721a","0","0","1647332535002"
"-93","29382d43-0bf0-4144-be3e-476398d9721a","0","0","1647332535612"
"-94","29382d43-0bf0-4144-be3e-476398d9721a","0","0","1647332535831"
"-92","29382d43-0bf0-4144-be3e-476398d9721a","0","0","1647332535955"
"-93","29382d43-0bf0-4144-be3e-476398d9721a","0","0","1647332536200"
"-92","29382d43-0bf0-4144-be3e-476398d9721a","0","0","1647332536331"
"-92","29382d43-0bf0-4144-be3e-476398d9721a","0","0","1647332536568"
"-91","29382d43-0bf0-4144-be3e-476398d9721a","0","0","1647332536785"
"-94","29382d43-0bf0-4144-be3e-476398d9721a","0","0","1647332536909"
"-91","29382d43-0bf0-4144-be3e-476398d9721a","0","0","1647332537147"
"-93","29382d43-0bf0-4144-be3e-476398d9721a","0","0","1647332537277"
"-95","29382d43-0bf0-4144-be3e-476398d9721a","0","0","1647332537514"
"-93","29382d43-0bf0-4144-be3e-476398d9721a","0","0","1647332538248"
"-96","29382d43-0bf0-4144-be3e-476398d9721a","0","0","1647332538478"
"-96","29382d43-0bf0-4144-be3e-476398d9721a","0","0","1647332538496"
"-97","29382d43-0bf0-4144-be3e-476398d9721a","0","0","1647332538709"
"-98","29382d43-0bf0-4144-be3e-476398d9721a","0","0","1647332538936"
"-98","29382d43-0bf0-4144-be3e-476398d9721a","0","0","1647332538954"
"-95","29382d43-0bf0-4144-be3e-476398d9721a","0","0","1647332539421"
"-94","29382d43-0bf0-4144-be3e-476398d9721a","0","0","1647332539448"
"-97","29382d43-0bf0-4144-be3e-476398d9721a","0","0","1647332539660"
"-96","29382d43-0bf0-4144-be3e-476398d9721a","0","0","1647332539896"
"-96","29382d43-0bf0-4144-be3e-476398d9721a","0","0","1647332539917"
"-90","29382d43-0bf0-4144-be3e-476398d9721a","0","0","1647332540122"
"-98","29382d43-0bf0-4144-be3e-476398d9721a","0","0","1647332540273"
"-89","29382d43-0bf0-4144-be3e-476398d9721a","0","0","1647332540373"
"-99","29382d43-0bf0-4144-be3e-476398d9721a","0","0","1647332540601"
"-99","29382d43-0bf0-4144-be3e-476398d9721a","0","0","1647332540619"
"-97","29382d43-0bf0-4144-be3e-476398d9721a","0","0","1647332540840"
"-94","29382d43-0bf0-4144-be3e-476398d9721a","0","0","1647332541073"
"-93","29382d43-0bf0-4144-be3e-476398d9721a","0","0","1647332541089"
"-98","29382d43-0bf0-4144-be3e-476398d9721a","0","0","1647332541307"
"-96","29382d43-0bf0-4144-be3e-476398d9721a","0","0","1647332541532"
"-95","29382d43-0bf0-4144-be3e-476398d9721a","0","0","1647332541551"
"-97","29382d43-0bf0-4144-be3e-476398d9721a","0","0","1647332541885"
"-97","29382d43-0bf0-4144-be3e-476398d9721a","0","0","1647332542244"
"-99","29382d43-0bf0-4144-be3e-476398d9721a","0","0","1647332542832"
"-93","29382d43-0bf0-4144-be3e-476398d9721a","0","0","1647332543698"
"-92","29382d43-0bf0-4144-be3e-476398d9721a","0","0","1647332543925"
"-93","29382d43-0bf0-4144-be3e-476398d9721a","0","0","1647332544871"
"-92","29382d43-0bf0-4144-be3e-476398d9721a","0","0","1647332545242"
"-93","29382d43-0bf0-4144-be3e-476398d9721a","0","0","1647332545483"
"-89","29382d43-0bf0-4144-be3e-476398d9721a","0","0","1647332545817"
"-99","29382d43-0bf0-4144-be3e-476398d9721a","0","0","1647332546059"
"-94","29382d43-0bf0-4144-be3e-476398d9721a","0","0","1647332546224"
"-94","29382d43-0bf0-4144-be3e-476398d9721a","0","0","1647332546303"
"-89","29382d43-0bf0-4144-be3e-476398d9721a","0","0","1647332546439"
"-88","29382d43-0bf0-4144-be3e-476398d9721a","0","0","1647332546791"
"-94","29382d43-0bf0-4144-be3e-476398d9721a","0","0","1647332547015"
"-93","29382d43-0bf0-4144-be3e-476398d9721a","0","0","1647332547431"
"-99","29382d43-0bf0-4144-be3e-476398d9721a","0","0","1647332547557"
"-96","29382d43-0bf0-4144-be3e-476398d9721a","0","0","1647332549129"
"-97","29382d43-0bf0-4144-be3e-476398d9721a","0","0","1647332549153"
"-93","29382d43-0bf0-4144-be3e-476398d9721a","0","0","1647332549470"
"-92","29382d43-0bf0-4144-be3e-476398d9721a","0","0","1647332549841"
"-92","29382d43-0bf0-4144-be3e-476398d9721a","0","0","1647332550918"
"-96","29382d43-0bf0-4144-be3e-476398d9721a","0","0","1647332551097"
"-92","29382d43-0bf0-4144-be3e-476398d9721a","0","0","1647332551286"
"-92","29382d43-0bf0-4144-be3e-476398d9721a","0","0","1647332551330"
"-93","29382d43-0bf0-4144-be3e-476398d9721a","0","0","1647332551651"
"-92","29382d43-0bf0-4144-be3e-476398d9721a","0","0","1647332551894"
"-91","29382d43-0bf0-4144-be3e-476398d9721a","0","0","1647332552234"
"-90","29382d43-0bf0-4144-be3e-476398d9721a","0","0","1647332552302"
"-91","29382d43-0bf0-4144-be3e-476398d9721a","0","0","1647332552464"
"-93","29382d43-0bf0-4144-be3e-476398d9721a","0","0","1647332552832"
"-96","29382d43-0bf0-4144-be3e-476398d9721a","0","0","1647332552997"
"-96","29382d43-0bf0-4144-be3e-476398d9721a","0","0","1647332553255"
"-91","29382d43-0bf0-4144-be3e-476398d9721a","0","0","1647332553444"
"-92","29382d43-0bf0-4144-be3e-476398d9721a","0","0","1647332553782"
"-97","29382d43-0bf0-4144-be3e-476398d9721a","0","0","1647332553967"
"-94","29382d43-0bf0-4144-be3e-476398d9721a","0","0","1647332554149"
"-93","29382d43-0bf0-4144-be3e-476398d9721a","0","0","1647332554199"
"-96","29382d43-0bf0-4144-be3e-476398d9721a","0","0","1647332554354"
"-94","29382d43-0bf0-4144-be3e-476398d9721a","0","0","1647332554462"
"-94","29382d43-0bf0-4144-be3e-476398d9721a","0","0","1647332554758"
"-96","29382d43-0bf0-4144-be3e-476398d9721a","0","0","1647332555125"
"-95","29382d43-0bf0-4144-be3e-476398d9721a","0","0","1647332555406"
"-96","29382d43-0bf0-4144-be3e-476398d9721a","0","0","1647332555738"
"-92","29382d43-0bf0-4144-be3e-476398d9721a","0","0","1647332556142"
"-96","29382d43-0bf0-4144-be3e-476398d9721a","0","0","1647332556373"
"-92","29382d43-0bf0-4144-be3e-476398d9721a","0","0","1647332556925"
"-91","29382d43-0bf0-4144-be3e-476398d9721a","0","0","1647332557297"
"-92","29382d43-0bf0-4144-be3e-476398d9721a","0","0","1647332557637"
"-93","29382d43-0bf0-4144-be3e-476398d9721a","0","0","1647332558020"
"-91","29382d43-0bf0-4144-be3e-476398d9721a","0","0","1647332558194"
"-95","29382d43-0bf0-4144-be3e-476398d9721a","0","0","1647332558502"
"-96","29382d43-0bf0-4144-be3e-476398d9721a","0","0","1647332558520"
"-94","29382d43-0bf0-4144-be3e-476398d9721a","0","0","1647332558733"
"-90","29382d43-0bf0-4144-be3e-476398d9721a","0","0","1647332558971"
"-90","29382d43-0bf0-4144-be3e-476398d9721a","0","0","1647332558990"
"-95","29382d43-0bf0-4144-be3e-476398d9721a","0","0","1647332559433"
"-95","29382d43-0bf0-4144-be3e-476398d9721a","0","0","1647332559451"
"-90","29382d43-0bf0-4144-be3e-476398d9721a","0","0","1647332559688"
"-98","29382d43-0bf0-4144-be3e-476398d9721a","0","0","1647332559915"
"-87","29382d43-0bf0-4144-be3e-476398d9721a","0","0","1647332560152"
"-87","29382d43-0bf0-4144-be3e-476398d9721a","0","0","1647332560755"
"-96","29382d43-0bf0-4144-be3e-476398d9721a","0","0","1647332560876"
"-99","29382d43-0bf0-4144-be3e-476398d9721a","0","0","1647332561107"
"-89","29382d43-0bf0-4144-be3e-476398d9721a","0","0","1647332561342"
"-96","29382d43-0bf0-4144-be3e-476398d9721a","0","0","1647332561555"
"-95","29382d43-0bf0-4144-be3e-476398d9721a","0","0","1647332561570"
"-94","29382d43-0bf0-4144-be3e-476398d9721a","0","0","1647332562017"
"-93","29382d43-0bf0-4144-be3e-476398d9721a","0","0","1647332562033"
"-86","29382d43-0bf0-4144-be3e-476398d9721a","0","0","1647332562224"
"-86","29382d43-0bf0-4144-be3e-476398d9721a","0","0","1647332562577"
"-89","29382d43-0bf0-4144-be3e-476398d9721a","0","0","1647332562947"
"-90","29382d43-0bf0-4144-be3e-476398d9721a","0","0","1647332562980"
"-90","29382d43-0bf0-4144-be3e-476398d9721a","0","0","1647332563315"
"-91","29382d43-0bf0-4144-be3e-476398d9721a","0","0","1647332563556"
"-92","29382d43-0bf0-4144-be3e-476398d9721a","0","0","1647332563949"
"-91","29382d43-0bf0-4144-be3e-476398d9721a","0","0","1647332564263"
"-91","29382d43-0bf0-4144-be3e-476398d9721a","0","0","1647332564605"
"-90","29382d43-0bf0-4144-be3e-476398d9721a","0","0","1647332564875"
"-94","29382d43-0bf0-4144-be3e-476398d9721a","0","0","1647332565157"
"-91","29382d43-0bf0-4144-be3e-476398d9721a","0","0","1647332565456"
"-91","29382d43-0bf0-4144-be3e-476398d9721a","0","0","1647332566066"
"-91","29382d43-0bf0-4144-be3e-476398d9721a","0","0","1647332566123"
"-90","29382d43-0bf0-4144-be3e-476398d9721a","0","0","1647332566435"
"-89","29382d43-0bf0-4144-be3e-476398d9721a","0","0","1647332566803"
"-92","29382d43-0bf0-4144-be3e-476398d9721a","0","0","1647332567124"
"-89","29382d43-0bf0-4144-be3e-476398d9721a","0","0","1647332567493"
"-87","29382d43-0bf0-4144-be3e-476398d9721a","0","0","1647332568216"
"-90","29382d43-0bf0-4144-be3e-476398d9721a","0","0","1647332568434"
"-86","29382d43-0bf0-4144-be3e-476398d9721a","0","0","1647332568596"
"-86","29382d43-0bf0-4144-be3e-476398d9721a","0","0","1647332568973"
"-86","29382d43-0bf0-4144-be3e-476398d9721a","0","0","1647332569304"
"-87","29382d43-0bf0-4144-be3e-476398d9721a","0","0","1647332569795"
"-85","29382d43-0bf0-4144-be3e-476398d9721a","0","0","1647332570165"
"-89","29382d43-0bf0-4144-be3e-476398d9721a","0","0","1647332570392"
"-87","29382d43-0bf0-4144-be3e-476398d9721a","0","0","1647332570534"
"-88","29382d43-0bf0-4144-be3e-476398d9721a","0","0","1647332570623"
"-96","29382d43-0bf0-4144-be3e-476398d9721a","0","0","1647332570777"
"-93","29382d43-0bf0-4144-be3e-476398d9721a","0","0","1647332570853"
"-91","29382d43-0bf0-4144-be3e-476398d9721a","0","0","1647332571002"
"-93","29382d43-0bf0-4144-be3e-476398d9721a","0","0","1647332571104"
"-93","29382d43-0bf0-4144-be3e-476398d9721a","0","0","1647332571491"
"-93","29382d43-0bf0-4144-be3e-476398d9721a","0","0","1647332571570"
"-91","29382d43-0bf0-4144-be3e-476398d9721a","0","0","1647332571733"
"-92","29382d43-0bf0-4144-be3e-476398d9721a","0","0","1647332571801"
"-91","29382d43-0bf0-4144-be3e-476398d9721a","0","0","1647332572106"
"-86","29382d43-0bf0-4144-be3e-476398d9721a","0","0","1647332572202"
"-87","29382d43-0bf0-4144-be3e-476398d9721a","0","0","1647332572449"
"-88","29382d43-0bf0-4144-be3e-476398d9721a","0","0","1647332572508"
"-88","29382d43-0bf0-4144-be3e-476398d9721a","0","0","1647332572692"
"-90","29382d43-0bf0-4144-be3e-476398d9721a","0","0","1647332572815"
"-93","29382d43-0bf0-4144-be3e-476398d9721a","0","0","1647332573157"
"-93","29382d43-0bf0-4144-be3e-476398d9721a","0","0","1647332573565"
"-96","29382d43-0bf0-4144-be3e-476398d9721a","0","0","1647332574024"
"-94","29382d43-0bf0-4144-be3e-476398d9721a","0","0","1647332574366"
"-95","29382d43-0bf0-4144-be3e-476398d9721a","0","0","1647332574393"
"-93","29382d43-0bf0-4144-be3e-476398d9721a","0","0","1647332574732"
"-93","29382d43-0bf0-4144-be3e-476398d9721a","0","0","1647332574834"
"-91","29382d43-0bf0-4144-be3e-476398d9721a","0","0","1647332575095"
"-88","29382d43-0bf0-4144-be3e-476398d9721a","0","0","1647332575806"
"-90","29382d43-0bf0-4144-be3e-476398d9721a","0","0","1647332576201"
"-91","29382d43-0bf0-4144-be3e-476398d9721a","0","0","1647332576537"
"-90","29382d43-0bf0-4144-be3e-476398d9721a","0","0","1647332576908"
"-90","29382d43-0bf0-4144-be3e-476398d9721a","0","0","1647332577247"
"-90","29382d43-0bf0-4144-be3e-476398d9721a","0","0","1647332577525"
"-90","29382d43-0bf0-4144-be3e-476398d9721a","0","0","1647332577858"
"-89","29382d43-0bf0-4144-be3e-476398d9721a","0","0","1647332578467"
"-89","29382d43-0bf0-4144-be3e-476398d9721a","0","0","1647332578486"
"-89","29382d43-0bf0-4144-be3e-476398d9721a","0","0","1647332578963"
"-89","29382d43-0bf0-4144-be3e-476398d9721a","0","0","1647332578981"
"-87","29382d43-0bf0-4144-be3e-476398d9721a","0","0","1647332579411"
"-87","29382d43-0bf0-4144-be3e-476398d9721a","0","0","1647332579429"
"-88","29382d43-0bf0-4144-be3e-476398d9721a","0","0","1647332579864"
"-88","29382d43-0bf0-4144-be3e-476398d9721a","0","0","1647332579882"
"-92","29382d43-0bf0-4144-be3e-476398d9721a","0","0","1647332580132"
"-89","29382d43-0bf0-4144-be3e-476398d9721a","0","0","1647332580575"
"-89","29382d43-0bf0-4144-be3e-476398d9721a","0","0","1647332580795"
"-89","29382d43-0bf0-4144-be3e-476398d9721a","0","0","1647332580813"
"-98","29382d43-0bf0-4144-be3e-476398d9721a","0","0","1647332581022"
"-94","29382d43-0bf0-4144-be3e-476398d9721a","0","0","1647332581236"
"-95","29382d43-0bf0-4144-be3e-476398d9721a","0","0","1647332581252"
"-97","29382d43-0bf0-4144-be3e-476398d9721a","0","0","1647332581500"
"-91","29382d43-0bf0-4144-be3e-476398d9721a","0","0","1647332581723"
"-91","29382d43-0bf0-4144-be3e-476398d9721a","0","0","1647332581741"
"-94","29382d43-0bf0-4144-be3e-476398d9721a","0","0","1647332581947"
"-92","29382d43-0bf0-4144-be3e-476398d9721a","0","0","1647332582165"
"-92","29382d43-0bf0-4144-be3e-476398d9721a","0","0","1647332582185"
"-96","29382d43-0bf0-4144-be3e-476398d9721a","0","0","1647332582512"
"-95","29382d43-0bf0-4144-be3e-476398d9721a","0","0","1647332582656"
"-90","29382d43-0bf0-4144-be3e-476398d9721a","0","0","1647332582762"
"-91","29382d43-0bf0-4144-be3e-476398d9721a","0","0","1647332582887"
"-90","29382d43-0bf0-4144-be3e-476398d9721a","0","0","1647332583103"
"-90","29382d43-0bf0-4144-be3e-476398d9721a","0","0","1647332583128"
"-89","29382d43-0bf0-4144-be3e-476398d9721a","0","0","1647332583476"
"-88","29382d43-0bf0-4144-be3e-476398d9721a","0","0","1647332583570"
"-94","29382d43-0bf0-4144-be3e-476398d9721a","0","0","1647332583794"
"-88","29382d43-0bf0-4144-be3e-476398d9721a","0","0","1647332583959"
"-90","29382d43-0bf0-4144-be3e-476398d9721a","0","0","1647332584174"
"-91","29382d43-0bf0-4144-be3e-476398d9721a","0","0","1647332584292"
"-98","29382d43-0bf0-4144-be3e-476398d9721a","0","0","1647332584532"
"-91","29382d43-0bf0-4144-be3e-476398d9721a","0","0","1647332584667"
"-88","29382d43-0bf0-4144-be3e-476398d9721a","0","0","1647332585046"
"-87","29382d43-0bf0-4144-be3e-476398d9721a","0","0","1647332585308"
"-86","29382d43-0bf0-4144-be3e-476398d9721a","0","0","1647332585656"
"-88","29382d43-0bf0-4144-be3e-476398d9721a","0","0","1647332585996"
"-86","29382d43-0bf0-4144-be3e-476398d9721a","0","0","1647332586340"
"-88","29382d43-0bf0-4144-be3e-476398d9721a","0","0","1647332586688"
"-86","29382d43-0bf0-4144-be3e-476398d9721a","0","0","1647332586988"
"-94","29382d43-0bf0-4144-be3e-476398d9721a","0","0","1647332587231"
"-91","29382d43-0bf0-4144-be3e-476398d9721a","0","0","1647332587634"
"-88","29382d43-0bf0-4144-be3e-476398d9721a","0","0","1647332587951"
"-91","29382d43-0bf0-4144-be3e-476398d9721a","0","0","1647332588179"
"-89","29382d43-0bf0-4144-be3e-476398d9721a","0","0","1647332588631"
"-91","29382d43-0bf0-4144-be3e-476398d9721a","0","0","1647332589144"
"-90","29382d43-0bf0-4144-be3e-476398d9721a","0","0","1647332589586"
"-89","29382d43-0bf0-4144-be3e-476398d9721a","0","0","1647332590071"
"-92","29382d43-0bf0-4144-be3e-476398d9721a","0","0","1647332590563"
"-92","29382d43-0bf0-4144-be3e-476398d9721a","0","0","1647332590792"
"-88","29382d43-0bf0-4144-be3e-476398d9721a","0","0","1647332591154"
"-90","29382d43-0bf0-4144-be3e-476398d9721a","0","0","1647332591473"
"-88","29382d43-0bf0-4144-be3e-476398d9721a","0","0","1647332591749"
"-91","29382d43-0bf0-4144-be3e-476398d9721a","0","0","1647332592470"
"-96","29382d43-0bf0-4144-be3e-476398d9721a","0","0","1647332592693"
"-91","29382d43-0bf0-4144-be3e-476398d9721a","0","0","1647332592871"
"-91","29382d43-0bf0-4144-be3e-476398d9721a","0","0","1647332593180"
"-89","29382d43-0bf0-4144-be3e-476398d9721a","0","0","1647332593548"
"-89","29382d43-0bf0-4144-be3e-476398d9721a","0","0","1647332593665"
"-90","29382d43-0bf0-4144-be3e-476398d9721a","0","0","1647332593795"
"-91","29382d43-0bf0-4144-be3e-476398d9721a","0","0","1647332594035"
"-99","29382d43-0bf0-4144-be3e-476398d9721a","0","0","1647332594370"
"-93","29382d43-0bf0-4144-be3e-476398d9721a","0","0","1647332594536"
"-94","29382d43-0bf0-4144-be3e-476398d9721a","0","0","1647332594600"
"-90","29382d43-0bf0-4144-be3e-476398d9721a","0","0","1647332594780"
"-91","29382d43-0bf0-4144-be3e-476398d9721a","0","0","1647332594905"
"-99","29382d43-0bf0-4144-be3e-476398d9721a","0","0","1647332595058"
"-88","29382d43-0bf0-4144-be3e-476398d9721a","0","0","1647332595248"
"-87","29382d43-0bf0-4144-be3e-476398d9721a","0","0","1647332595295"
"-97","29382d43-0bf0-4144-be3e-476398d9721a","0","0","1647332595561"
"-87","29382d43-0bf0-4144-be3e-476398d9721a","0","0","1647332595732"
"-93","29382d43-0bf0-4144-be3e-476398d9721a","0","0","1647332595978"
"-88","29382d43-0bf0-4144-be3e-476398d9721a","0","0","1647332596101"
"-96","29382d43-0bf0-4144-be3e-476398d9721a","0","0","1647332596255"
"-92","29382d43-0bf0-4144-be3e-476398d9721a","0","0","1647332596474"
"-92","29382d43-0bf0-4144-be3e-476398d9721a","0","0","1647332596716"
"-91","29382d43-0bf0-4144-be3e-476398d9721a","0","0","1647332596933"
"-99","29382d43-0bf0-4144-be3e-476398d9721a","0","0","1647332597212"
"-92","29382d43-0bf0-4144-be3e-476398d9721a","0","0","1647332597431"
"-99","29382d43-0bf0-4144-be3e-476398d9721a","0","0","1647332597604"
"-89","29382d43-0bf0-4144-be3e-476398d9721a","0","0","1647332597875"
"-89","29382d43-0bf0-4144-be3e-476398d9721a","0","0","1647332597893"
"-88","29382d43-0bf0-4144-be3e-476398d9721a","0","0","1647332598180"
"-87","29382d43-0bf0-4144-be3e-476398d9721a","0","0","1647332598196"
"-93","29382d43-0bf0-4144-be3e-476398d9721a","0","0","1647332598415"
"-96","29382d43-0bf0-4144-be3e-476398d9721a","0","0","1647332598641"
"-96","29382d43-0bf0-4144-be3e-476398d9721a","0","0","1647332598658"
"-88","29382d43-0bf0-4144-be3e-476398d9721a","0","0","1647332598877"
"-98","29382d43-0bf0-4144-be3e-476398d9721a","0","0","1647332599090"
"-89","29382d43-0bf0-4144-be3e-476398d9721a","0","0","1647332599586"
"-89","29382d43-0bf0-4144-be3e-476398d9721a","0","0","1647332599604"
"-86","29382d43-0bf0-4144-be3e-476398d9721a","0","0","1647332599817"
"-99","29382d43-0bf0-4144-be3e-476398d9721a","0","0","1647332600045"
"-87","29382d43-0bf0-4144-be3e-476398d9721a","0","0","1647332600290"
"-87","29382d43-0bf0-4144-be3e-476398d9721a","0","0","1647332600431"
"-87","29382d43-0bf0-4144-be3e-476398d9721a","0","0","1647332600539"
"-96","29382d43-0bf0-4144-be3e-476398d9721a","0","0","1647332600766"
"-96","29382d43-0bf0-4144-be3e-476398d9721a","0","0","1647332600785"
"-89","29382d43-0bf0-4144-be3e-476398d9721a","0","0","1647332601005"
"-90","29382d43-0bf0-4144-be3e-476398d9721a","0","0","1647332601236"
"-91","29382d43-0bf0-4144-be3e-476398d9721a","0","0","1647332601254"
"-95","29382d43-0bf0-4144-be3e-476398d9721a","0","0","1647332601465"
"-88","29382d43-0bf0-4144-be3e-476398d9721a","0","0","1647332601696"
"-87","29382d43-0bf0-4144-be3e-476398d9721a","0","0","1647332601903"
"-87","29382d43-0bf0-4144-be3e-476398d9721a","0","0","1647332602273"
"-87","29382d43-0bf0-4144-be3e-476398d9721a","0","0","1647332602608"
"-87","29382d43-0bf0-4144-be3e-476398d9721a","0","0","1647332602648"
"-89","29382d43-0bf0-4144-be3e-476398d9721a","0","0","1647332602976"
"-92","29382d43-0bf0-4144-be3e-476398d9721a","0","0","1647332603219"
"-92","29382d43-0bf0-4144-be3e-476398d9721a","0","0","1647332603611"
"-91","29382d43-0bf0-4144-be3e-476398d9721a","0","0","1647332604167"
"-90","29382d43-0bf0-4144-be3e-476398d9721a","0","0","1647332604274"
"-88","29382d43-0bf0-4144-be3e-476398d9721a","0","0","1647332604559"
"-88","29382d43-0bf0-4144-be3e-476398d9721a","0","0","1647332604901"
"-91","29382d43-0bf0-4144-be3e-476398d9721a","0","0","1647332605258"
"-88","29382d43-0bf0-4144-be3e-476398d9721a","0","0","1647332605501"
"-88","29382d43-0bf0-4144-be3e-476398d9721a","0","0","1647332606072"
"-88","29382d43-0bf0-4144-be3e-476398d9721a","0","0","1647332606197"
"-88","29382d43-0bf0-4144-be3e-476398d9721a","0","0","1647332606466"
"-93","29382d43-0bf0-4144-be3e-476398d9721a","0","0","1647332606818"
"-91","29382d43-0bf0-4144-be3e-476398d9721a","0","0","1647332606943"
"-96","29382d43-0bf0-4144-be3e-476398d9721a","0","0","1647332607060"
"-89","29382d43-0bf0-4144-be3e-476398d9721a","0","0","1647332607155"
"-93","29382d43-0bf0-4144-be3e-476398d9721a","0","0","1647332607428"
"-93","29382d43-0bf0-4144-be3e-476398d9721a","0","0","1647332607776"
"-99","29382d43-0bf0-4144-be3e-476398d9721a","0","0","1647332608110"
"-88","29382d43-0bf0-4144-be3e-476398d9721a","0","0","1647332608293"
"-89","29382d43-0bf0-4144-be3e-476398d9721a","0","0","1647332608388"
"-88","29382d43-0bf0-4144-be3e-476398d9721a","0","0","1647332608633"
"-90","29382d43-0bf0-4144-be3e-476398d9721a","0","0","1647332608978"
"-91","29382d43-0bf0-4144-be3e-476398d9721a","0","0","1647332609081"
"-93","29382d43-0bf0-4144-be3e-476398d9721a","0","0","1647332609351"
"-89","29382d43-0bf0-4144-be3e-476398d9721a","0","0","1647332609503"
"-93","29382d43-0bf0-4144-be3e-476398d9721a","0","0","1647332609794"
"-89","29382d43-0bf0-4144-be3e-476398d9721a","0","0","1647332609896"
"-89","29382d43-0bf0-4144-be3e-476398d9721a","0","0","1647332610183"
"-90","29382d43-0bf0-4144-be3e-476398d9721a","0","0","1647332610887"
"-90","29382d43-0bf0-4144-be3e-476398d9721a","0","0","1647332610990"
"-89","29382d43-0bf0-4144-be3e-476398d9721a","0","0","1647332611626"
"-90","29382d43-0bf0-4144-be3e-476398d9721a","0","0","1647332611699"
"-90","29382d43-0bf0-4144-be3e-476398d9721a","0","0","1647332611894"
"-89","29382d43-0bf0-4144-be3e-476398d9721a","0","0","1647332611952"
"-89","29382d43-0bf0-4144-be3e-476398d9721a","0","0","1647332612230"
"-90","29382d43-0bf0-4144-be3e-476398d9721a","0","0","1647332612840"
"-90","29382d43-0bf0-4144-be3e-476398d9721a","0","0","1647332612902"
"-89","29382d43-0bf0-4144-be3e-476398d9721a","0","0","1647332613244"
"-92","29382d43-0bf0-4144-be3e-476398d9721a","0","0","1647332613446"
"-90","29382d43-0bf0-4144-be3e-476398d9721a","0","0","1647332613567"
"-91","29382d43-0bf0-4144-be3e-476398d9721a","0","0","1647332613867"
"-90","29382d43-0bf0-4144-be3e-476398d9721a","0","0","1647332613992"
"-99","29382d43-0bf0-4144-be3e-476398d9721a","0","0","1647332614107"
"-90","29382d43-0bf0-4144-be3e-476398d9721a","0","0","1647332614272"
"-89","29382d43-0bf0-4144-be3e-476398d9721a","0","0","1647332614515"
"-91","29382d43-0bf0-4144-be3e-476398d9721a","0","0","1647332614837"
"-99","29382d43-0bf0-4144-be3e-476398d9721a","0","0","1647332615066"
"-89","29382d43-0bf0-4144-be3e-476398d9721a","0","0","1647332615252"
"-89","29382d43-0bf0-4144-be3e-476398d9721a","0","0","1647332615543"
"-89","29382d43-0bf0-4144-be3e-476398d9721a","0","0","1647332615793"
"-90","29382d43-0bf0-4144-be3e-476398d9721a","0","0","1647332616204"
"-90","29382d43-0bf0-4144-be3e-476398d9721a","0","0","1647332616286"
"-90","29382d43-0bf0-4144-be3e-476398d9721a","0","0","1647332616569"
"-89","29382d43-0bf0-4144-be3e-476398d9721a","0","0","1647332616984"
"-98","29382d43-0bf0-4144-be3e-476398d9721a","0","0","1647332617232"
"-91","29382d43-0bf0-4144-be3e-476398d9721a","0","0","1647332617426"
"-97","29382d43-0bf0-4144-be3e-476398d9721a","0","0","1647332617927"
"-89","29382d43-0bf0-4144-be3e-476398d9721a","0","0","1647332618088"
"-87","29382d43-0bf0-4144-be3e-476398d9721a","0","0","1647332618354"
"-87","29382d43-0bf0-4144-be3e-476398d9721a","0","0","1647332618372"
"-88","29382d43-0bf0-4144-be3e-476398d9721a","0","0","1647332618634"
"-88","29382d43-0bf0-4144-be3e-476398d9721a","0","0","1647332618651"
"-89","29382d43-0bf0-4144-be3e-476398d9721a","0","0","1647332619090"
"-89","29382d43-0bf0-4144-be3e-476398d9721a","0","0","1647332619106"
"-100","29382d43-0bf0-4144-be3e-476398d9721a","0","0","1647332619313"
"-100","29382d43-0bf0-4144-be3e-476398d9721a","0","0","1647332619544"
"-100","29382d43-0bf0-4144-be3e-476398d9721a","0","0","1647332619561"
"-92","29382d43-0bf0-4144-be3e-476398d9721a","0","0","1647332620033"
"-92","29382d43-0bf0-4144-be3e-476398d9721a","0","0","1647332620052"
"-89","29382d43-0bf0-4144-be3e-476398d9721a","0","0","1647332620480"
"-89","29382d43-0bf0-4144-be3e-476398d9721a","0","0","1647332620498"
"-92","29382d43-0bf0-4144-be3e-476398d9721a","0","0","1647332620717"
"-100","29382d43-0bf0-4144-be3e-476398d9721a","0","0","1647332620913"
"-100","29382d43-0bf0-4144-be3e-476398d9721a","0","0","1647332620930"
"-91","29382d43-0bf0-4144-be3e-476398d9721a","0","0","1647332621449"
"-88","29382d43-0bf0-4144-be3e-476398d9721a","0","0","1647332621676"
"-88","29382d43-0bf0-4144-be3e-476398d9721a","0","0","1647332621693"
"-98","29382d43-0bf0-4144-be3e-476398d9721a","0","0","1647332621900"
"-99","29382d43-0bf0-4144-be3e-476398d9721a","0","0","1647332622128"
"-89","29382d43-0bf0-4144-be3e-476398d9721a","0","0","1647332622348"
"-89","29382d43-0bf0-4144-be3e-476398d9721a","0","0","1647332622714"
"-89","29382d43-0bf0-4144-be3e-476398d9721a","0","0","1647332623095"
"-89","29382d43-0bf0-4144-be3e-476398d9721a","0","0","1647332623329"
"-89","29382d43-0bf0-4144-be3e-476398d9721a","0","0","1647332623667"
"-88","29382d43-0bf0-4144-be3e-476398d9721a","0","0","1647332624036"
"-89","29382d43-0bf0-4144-be3e-476398d9721a","0","0","1647332624072"
"-88","29382d43-0bf0-4144-be3e-476398d9721a","0","0","1647332624401"
"-88","29382d43-0bf0-4144-be3e-476398d9721a","0","0","1647332624644"
"-88","29382d43-0bf0-4144-be3e-476398d9721a","0","0","1647332624755"
"-88","29382d43-0bf0-4144-be3e-476398d9721a","0","0","1647332625008"
"-88","29382d43-0bf0-4144-be3e-476398d9721a","0","0","1647332625348"
"-88","29382d43-0bf0-4144-be3e-476398d9721a","0","0","1647332625582"
"-88","29382d43-0bf0-4144-be3e-476398d9721a","0","0","1647332625967"
"-87","29382d43-0bf0-4144-be3e-476398d9721a","0","0","1647332626193"
"-87","29382d43-0bf0-4144-be3e-476398d9721a","0","0","1647332626282"
"-87","29382d43-0bf0-4144-be3e-476398d9721a","0","0","1647332626529"
"-87","29382d43-0bf0-4144-be3e-476398d9721a","0","0","1647332626888"
"-87","29382d43-0bf0-4144-be3e-476398d9721a","0","0","1647332626919"
"-87","29382d43-0bf0-4144-be3e-476398d9721a","0","0","1647332627279"
"-87","29382d43-0bf0-4144-be3e-476398d9721a","0","0","1647332627317"
"-88","29382d43-0bf0-4144-be3e-476398d9721a","0","0","1647332627625"
"-97","29382d43-0bf0-4144-be3e-476398d9721a","0","0","1647332628135"
"-88","29382d43-0bf0-4144-be3e-476398d9721a","0","0","1647332628363"
"-90","29382d43-0bf0-4144-be3e-476398d9721a","0","0","1647332628593"
"-93","29382d43-0bf0-4144-be3e-476398d9721a","0","0","1647332629102"
"-96","29382d43-0bf0-4144-be3e-476398d9721a","0","0","1647332629317"
"-98","29382d43-0bf0-4144-be3e-476398d9721a","0","0","1647332630376"
"-93","29382d43-0bf0-4144-be3e-476398d9721a","0","0","1647332630749"
"-92","29382d43-0bf0-4144-be3e-476398d9721a","0","0","1647332630880"
"-97","29382d43-0bf0-4144-be3e-476398d9721a","0","0","1647332631125"
"-95","29382d43-0bf0-4144-be3e-476398d9721a","0","0","1647332631370"
"-93","29382d43-0bf0-4144-be3e-476398d9721a","0","0","1647332632056"
"-93","29382d43-0bf0-4144-be3e-476398d9721a","0","0","1647332632433"
"-93","29382d43-0bf0-4144-be3e-476398d9721a","0","0","1647332632675"
"-98","29382d43-0bf0-4144-be3e-476398d9721a","0","0","1647332633383"
"-97","29382d43-0bf0-4144-be3e-476398d9721a","0","0","1647332633516"
"-93","29382d43-0bf0-4144-be3e-476398d9721a","0","0","1647332633629"
"-90","29382d43-0bf0-4144-be3e-476398d9721a","0","0","1647332633758"
"-89","29382d43-0bf0-4144-be3e-476398d9721a","0","0","1647332634104"
"-93","29382d43-0bf0-4144-be3e-476398d9721a","0","0","1647332634212"
"-88","29382d43-0bf0-4144-be3e-476398d9721a","0","0","1647332634337"
"-99","29382d43-0bf0-4144-be3e-476398d9721a","0","0","1647332634572"
"-91","29382d43-0bf0-4144-be3e-476398d9721a","0","0","1647332634813"
"-88","29382d43-0bf0-4144-be3e-476398d9721a","0","0","1647332634993"
"-96","29382d43-0bf0-4144-be3e-476398d9721a","0","0","1647332635283"
"-91","29382d43-0bf0-4144-be3e-476398d9721a","0","0","1647332635764"
"-96","29382d43-0bf0-4144-be3e-476398d9721a","0","0","1647332635996"
"-91","29382d43-0bf0-4144-be3e-476398d9721a","0","0","1647332636722"
"-91","29382d43-0bf0-4144-be3e-476398d9721a","0","0","1647332636957"
"-93","29382d43-0bf0-4144-be3e-476398d9721a","0","0","1647332637202"
"-90","29382d43-0bf0-4144-be3e-476398d9721a","0","0","1647332637347"
"-89","29382d43-0bf0-4144-be3e-476398d9721a","0","0","1647332637435"
