,rssi,target
0,-71,1
1,-71,1
2,-77,1
3,-69,1
4,-70,1
5,-66,1
6,-73,1
7,-98,0
8,-96,0
9,-68,1
10,-97,0
11,-67,1
12,-69,1
13,-72,1
14,-70,1
15,-71,1
16,-66,1
17,-66,1
18,-96,0
19,-67,1
20,-66,1
21,-96,0
22,-97,0
23,-96,0
24,-96,0
25,-96,0
26,-68,1
27,-98,0
28,-96,0
29,-97,0
30,-70,1
31,-94,0
32,-71,1
33,-70,1
34,-70,1
35,-73,1
36,-70,1
37,-96,0
38,-67,1
39,-77,1
40,-69,1
41,-97,0
42,-69,1
43,-70,1
44,-66,1
45,-96,0
46,-96,0
47,-99,0
48,-96,0
49,-67,1
50,-73,1
51,-65,1
52,-65,1
53,-71,1
54,-95,0
55,-95,0
56,-68,1
57,-96,0
58,-98,0
59,-95,0
60,-96,0
61,-72,1
62,-97,0
63,-69,1
64,-95,0
65,-97,0
66,-94,0
67,-95,0
68,-70,1
69,-96,0
70,-66,1
71,-95,0
72,-70,1
73,-68,1
74,-67,1
75,-71,1
76,-68,1
77,-70,1
78,-70,1
79,-69,1
80,-69,1
81,-95,0
82,-66,1
83,-70,1
84,-72,1
85,-72,1
86,-99,0
87,-71,1
88,-68,1
89,-71,1
90,-70,1
91,-96,0
92,-67,1
93,-66,1
94,-97,0
95,-95,0
96,-71,1
97,-67,1
98,-95,0
99,-95,0
100,-73,1
101,-96,0
102,-69,1
103,-98,0
104,-74,1
105,-96,0
106,-94,0
107,-71,1
108,-97,0
109,-67,1
110,-98,0
111,-69,1
112,-66,1
113,-71,1
114,-68,1
115,-66,1
116,-96,0
117,-96,0
118,-67,1
119,-69,1
120,-68,1
121,-67,1
122,-68,1
123,-69,1
124,-69,1
125,-97,0
126,-70,1
127,-70,1
128,-71,1
129,-70,1
130,-95,0
131,-97,0
132,-65,1
133,-94,0
134,-71,1
135,-68,1
136,-96,0
137,-72,1
138,-68,1
139,-68,1
140,-95,0
141,-96,0
142,-66,1
143,-67,1
144,-72,1
145,-68,1
146,-98,0
147,-71,1
148,-66,1
149,-68,1
150,-97,0
151,-96,0
152,-71,1
153,-70,1
154,-95,0
155,-70,1
156,-96,0
157,-69,1
158,-71,1
159,-95,0
160,-69,1
161,-97,0
162,-69,1
163,-73,1
164,-67,1
165,-67,1
166,-68,1
167,-68,1
168,-68,1
169,-67,1
170,-94,0
171,-69,1
172,-67,1
173,-71,1
174,-97,0
175,-96,0
176,-70,1
177,-70,1
178,-68,1
179,-95,0
180,-64,1
181,-71,1
182,-96,0
183,-95,0
184,-72,1
185,-97,0
186,-70,1
187,-95,0
188,-67,1
189,-69,1
190,-96,0
191,-95,0
192,-95,0
193,-68,1
194,-68,1
195,-72,1
196,-97,0
197,-70,1
198,-66,1
199,-70,1
200,-97,0
201,-94,0
202,-70,1
203,-68,1
204,-68,1
205,-71,1
206,-69,1
207,-68,1
208,-67,1
209,-68,1
210,-69,1
211,-95,0
212,-73,1
213,-97,0
214,-95,0
215,-70,1
216,-95,0
217,-95,0
218,-65,1
219,-69,1
220,-69,1
221,-97,0
222,-93,0
223,-65,1
224,-67,1
225,-96,0
226,-96,0
227,-70,1
228,-71,1
229,-96,0
230,-66,1
231,-69,1
232,-98,0
233,-99,0
234,-71,1
235,-66,1
236,-69,1
237,-95,0
238,-97,0
239,-95,0
240,-72,1
241,-73,1
242,-71,1
243,-70,1
244,-69,1
245,-96,0
246,-96,0
247,-71,1
248,-67,1
249,-69,1
250,-68,1
251,-66,1
252,-72,1
253,-96,0
254,-97,0
255,-66,1
256,-66,1
257,-67,1
258,-67,1
259,-93,0
260,-99,0
261,-67,1
262,-96,0
263,-93,0
264,-68,1
265,-68,1
266,-72,1
267,-67,1
268,-70,1
269,-96,0
270,-95,0
271,-67,1
272,-67,1
273,-71,1
274,-98,0
275,-68,1
276,-94,0
277,-96,0
278,-70,1
279,-72,1
280,-67,1
281,-70,1
282,-97,0
283,-66,1
284,-96,0
285,-69,1
286,-70,1
287,-68,1
288,-93,0
289,-70,1
290,-98,0
291,-68,1
292,-93,0
293,-96,0
294,-66,1
295,-69,1
296,-95,0
297,-96,0
298,-96,0
299,-67,1
300,-68,1
301,-73,1
302,-69,1
303,-96,0
304,-68,1
305,-67,1
306,-72,1
307,-70,1
308,-70,1
309,-67,1
310,-72,1
311,-96,0
312,-68,1
313,-96,0
314,-68,1
315,-97,0
316,-70,1
317,-67,1
318,-67,1
319,-94,0
320,-67,1
321,-95,0
322,-97,0
323,-70,1
324,-69,1
325,-97,0
326,-72,1
327,-70,1
328,-73,1
329,-96,0
330,-94,0
331,-70,1
332,-67,1
333,-94,0
334,-69,1
335,-96,0
336,-71,1
337,-68,1
338,-96,0
339,-72,1
340,-97,0
341,-71,1
342,-69,1
343,-69,1
344,-68,1
345,-70,1
346,-95,0
347,-72,1
348,-96,0
349,-69,1
350,-96,0
351,-68,1
352,-96,0
353,-95,0
354,-68,1
355,-69,1
356,-72,1
357,-69,1
358,-66,1
359,-67,1
360,-68,1
361,-69,1
362,-68,1
363,-96,0
364,-66,1
365,-70,1
366,-68,1
367,-68,1
368,-67,1
369,-68,1
370,-95,0
371,-68,1
372,-96,0
373,-69,1
374,-68,1
375,-71,1
376,-94,0
377,-96,0
378,-98,0
379,-94,0
380,-70,1
381,-96,0
382,-96,0
383,-71,1
384,-71,1
385,-95,0
386,-71,1
387,-68,1
388,-96,0
389,-73,1
390,-70,1
391,-94,0
392,-99,0
393,-70,1
394,-69,1
395,-96,0
396,-65,1
397,-70,1
398,-70,1
399,-69,1
400,-66,1
401,-98,0
402,-69,1
403,-67,1
404,-93,0
405,-67,1
406,-67,1
407,-69,1
408,-100,0
409,-74,1
410,-68,1
411,-70,1
412,-70,1
413,-68,1
414,-68,1
415,-66,1
416,-68,1
417,-66,1
418,-68,1
419,-71,1
420,-96,0
421,-68,1
422,-68,1
423,-69,1
424,-98,0
425,-95,0
426,-96,0
427,-73,1
428,-67,1
429,-70,1
430,-67,1
431,-94,0
432,-70,1
433,-68,1
434,-94,0
435,-96,0
436,-93,0
437,-68,1
438,-96,0
439,-68,1
440,-96,0
441,-70,1
442,-65,1
443,-68,1
444,-95,0
445,-71,1
446,-96,0
447,-66,1
448,-70,1
449,-72,1
450,-67,1
451,-69,1
452,-67,1
453,-68,1
454,-70,1
455,-95,0
456,-67,1
457,-65,1
458,-95,0
459,-71,1
460,-70,1
461,-68,1
462,-67,1
463,-67,1
464,-95,0
465,-96,0
466,-71,1
467,-69,1
468,-68,1
469,-94,0
470,-70,1
471,-98,0
472,-68,1
473,-94,0
474,-71,1
475,-74,1
476,-96,0
477,-65,1
478,-65,1
479,-94,0
480,-98,0
481,-95,0
482,-96,0
483,-96,0
484,-72,1
485,-68,1
486,-74,1
487,-95,0
488,-69,1
489,-70,1
490,-68,1
491,-96,0
492,-96,0
493,-71,1
494,-67,1
495,-96,0
496,-67,1
497,-68,1
498,-96,0
499,-96,0
500,-96,0
501,-96,0
502,-68,1
503,-98,0
504,-70,1
505,-70,1
506,-70,1
507,-95,0
508,-94,0
509,-97,0
510,-96,0
511,-66,1
512,-71,1
513,-68,1
514,-94,0
515,-78,1
516,-69,1
517,-71,1
518,-70,1
519,-69,1
520,-68,1
521,-96,0
522,-70,1
523,-71,1
524,-96,0
525,-68,1
526,-96,0
527,-98,0
528,-71,1
529,-74,1
530,-94,0
531,-69,1
532,-68,1
533,-66,1
534,-97,0
535,-69,1
536,-68,1
537,-94,0
538,-72,1
539,-94,0
540,-98,0
541,-97,0
542,-93,0
543,-96,0
544,-96,0
545,-72,1
546,-69,1
547,-70,1
548,-67,1
549,-69,1
550,-96,0
551,-100,0
552,-70,1
553,-97,0
554,-69,1
555,-68,1
556,-67,1
557,-95,0
558,-97,0
559,-97,0
560,-65,1
561,-98,0
562,-67,1
563,-95,0
564,-98,0
565,-69,1
566,-96,0
567,-96,0
568,-69,1
569,-96,0
570,-94,0
571,-99,0
572,-97,0
573,-66,1
574,-96,0
575,-69,1
576,-69,1
577,-65,1
578,-95,0
579,-67,1
580,-66,1
581,-69,1
582,-72,1
583,-94,0
584,-70,1
585,-96,0
586,-96,0
587,-96,0
588,-70,1
589,-95,0
590,-96,0
591,-73,1
592,-70,1
593,-70,1
594,-71,1
595,-96,0
596,-96,0
597,-99,0
598,-96,0
599,-69,1
600,-71,1
601,-69,1
602,-72,1
603,-96,0
604,-68,1
605,-69,1
606,-69,1
607,-69,1
608,-96,0
609,-97,0
610,-69,1
611,-97,0
612,-66,1
613,-69,1
614,-96,0
615,-95,0
616,-97,0
617,-96,0
618,-68,1
619,-98,0
620,-94,0
621,-94,0
622,-98,0
623,-68,1
624,-70,1
625,-68,1
626,-68,1
627,-96,0
628,-97,0
629,-67,1
630,-68,1
631,-70,1
632,-67,1
633,-94,0
634,-66,1
635,-97,0
636,-71,1
637,-99,0
638,-71,1
639,-68,1
640,-71,1
641,-96,0
642,-97,0
643,-71,1
644,-71,1
645,-98,0
646,-71,1
647,-96,0
648,-70,1
649,-70,1
650,-73,1
651,-96,0
652,-68,1
653,-69,1
654,-67,1
655,-69,1
656,-95,0
657,-94,0
658,-68,1
659,-94,0
660,-68,1
661,-70,1
662,-69,1
663,-97,0
664,-69,1
665,-73,1
666,-68,1
667,-70,1
668,-71,1
669,-68,1
670,-70,1
671,-71,1
672,-68,1
673,-97,0
674,-67,1
675,-68,1
676,-97,0
677,-98,0
678,-71,1
679,-69,1
680,-68,1
681,-95,0
682,-96,0
683,-68,1
684,-95,0
685,-94,0
686,-70,1
687,-96,0
688,-96,0
689,-97,0
690,-68,1
691,-97,0
692,-69,1
693,-70,1
694,-73,1
695,-70,1
696,-99,0
697,-67,1
698,-69,1
699,-69,1
700,-74,1
701,-71,1
702,-67,1
703,-96,0
704,-71,1
705,-71,1
706,-68,1
707,-96,0
708,-67,1
709,-72,1
710,-75,1
711,-69,1
712,-73,1
713,-97,0
714,-68,1
715,-72,1
716,-70,1
717,-68,1
718,-67,1
719,-70,1
720,-70,1
721,-68,1
722,-66,1
723,-73,1
724,-97,0
725,-72,1
726,-69,1
727,-71,1
728,-69,1
729,-96,0
730,-95,0
731,-70,1
732,-70,1
733,-67,1
734,-70,1
735,-67,1
736,-96,0
737,-97,0
738,-66,1
739,-96,0
740,-71,1
741,-68,1
742,-96,0
743,-98,0
744,-94,0
745,-66,1
746,-96,0
747,-72,1
748,-69,1
749,-95,0
750,-70,1
751,-68,1
752,-68,1
753,-96,0
754,-70,1
755,-96,0
756,-96,0
757,-69,1
758,-97,0
759,-70,1
760,-69,1
761,-70,1
762,-96,0
763,-96,0
764,-72,1
765,-96,0
766,-97,0
767,-96,0
768,-97,0
769,-68,1
770,-96,0
771,-98,0
772,-95,0
773,-71,1
774,-69,1
775,-71,1
776,-68,1
777,-70,1
778,-67,1
779,-68,1
780,-69,1
781,-67,1
782,-68,1
783,-74,1
784,-70,1
785,-66,1
786,-97,0
787,-96,0
788,-66,1
789,-69,1
790,-96,0
791,-69,1
792,-96,0
793,-97,0
794,-68,1
795,-68,1
796,-96,0
797,-97,0
798,-96,0
799,-95,0
800,-95,0
801,-97,0
802,-69,1
803,-68,1
804,-72,1
805,-68,1
806,-72,1
807,-66,1
808,-68,1
809,-97,0
810,-70,1
811,-95,0
812,-96,0
813,-71,1
814,-71,1
815,-95,0
816,-68,1
817,-68,1
818,-96,0
819,-68,1
820,-71,1
821,-71,1
822,-67,1
823,-96,0
824,-67,1
825,-69,1
826,-69,1
827,-67,1
828,-96,0
829,-68,1
830,-96,0
831,-101,0
832,-97,0
833,-93,0
834,-70,1
835,-67,1
836,-96,0
837,-68,1
838,-97,0
839,-68,1
840,-98,0
841,-69,1
842,-70,1
843,-96,0
844,-68,1
845,-96,0
846,-99,0
847,-69,1
848,-68,1
849,-97,0
850,-66,1
851,-96,0
852,-70,1
853,-69,1
854,-67,1
855,-96,0
856,-68,1
857,-68,1
858,-96,0
859,-70,1
860,-70,1
861,-94,0
862,-69,1
863,-96,0
864,-69,1
865,-74,1
866,-69,1
867,-68,1
868,-69,1
869,-72,1
870,-66,1
871,-68,1
872,-97,0
873,-71,1
874,-68,1
875,-70,1
876,-70,1
877,-70,1
878,-96,0
879,-69,1
880,-69,1
881,-96,0
882,-96,0
883,-72,1
884,-69,1
885,-71,1
886,-95,0
887,-94,0
888,-70,1
889,-96,0
890,-71,1
891,-97,0
892,-94,0
893,-78,1
894,-68,1
895,-67,1
896,-68,1
897,-67,1
898,-68,1
899,-64,1
900,-68,1
901,-72,1
902,-73,1
903,-71,1
904,-66,1
905,-96,0
906,-71,1
907,-97,0
908,-95,0
909,-97,0
910,-68,1
911,-68,1
912,-67,1
913,-95,0
914,-68,1
915,-96,0
916,-70,1
917,-71,1
918,-96,0
919,-71,1
920,-65,1
921,-94,0
922,-71,1
923,-69,1
924,-96,0
925,-97,0
926,-96,0
927,-67,1
928,-68,1
929,-65,1
930,-95,0
931,-99,0
932,-94,0
933,-71,1
934,-69,1
935,-96,0
936,-65,1
937,-68,1
938,-69,1
939,-71,1
940,-68,1
941,-97,0
942,-68,1
943,-97,0
944,-67,1
945,-98,0
946,-96,0
947,-67,1
948,-95,0
949,-98,0
950,-67,1
951,-68,1
952,-96,0
953,-68,1
954,-98,0
955,-72,1
956,-96,0
957,-94,0
958,-96,0
959,-68,1
960,-66,1
961,-68,1
962,-96,0
963,-68,1
964,-69,1
965,-96,0
966,-70,1
967,-94,0
968,-70,1
969,-67,1
970,-97,0
971,-70,1
972,-97,0
973,-69,1
974,-94,0
975,-72,1
976,-67,1
977,-71,1
978,-67,1
979,-96,0
980,-97,0
981,-71,1
982,-95,0
983,-68,1
984,-68,1
985,-67,1
986,-69,1
987,-96,0
988,-68,1
989,-71,1
990,-99,0
991,-96,0
992,-96,0
993,-66,1
994,-96,0
995,-96,0
996,-69,1
997,-96,0
998,-68,1
999,-94,0
1000,-94,0
1001,-67,1
1002,-69,1
1003,-95,0
1004,-72,1
1005,-65,1
1006,-69,1
1007,-95,0
1008,-71,1
1009,-68,1
1010,-71,1
1011,-94,0
1012,-68,1
1013,-71,1
1014,-68,1
1015,-67,1
1016,-68,1
1017,-71,1
1018,-67,1
1019,-98,0
1020,-68,1
1021,-96,0
1022,-70,1
1023,-71,1
1024,-96,0
1025,-72,1
1026,-66,1
1027,-68,1
1028,-95,0
1029,-70,1
1030,-69,1
1031,-71,1
1032,-68,1
1033,-72,1
1034,-68,1
1035,-68,1
1036,-64,1
1037,-69,1
1038,-94,0
1039,-96,0
1040,-69,1
1041,-70,1
1042,-66,1
1043,-99,0
1044,-70,1
1045,-96,0
1046,-94,0
1047,-68,1
1048,-96,0
1049,-70,1
1050,-96,0
1051,-71,1
1052,-96,0
1053,-71,1
1054,-67,1
1055,-67,1
1056,-71,1
1057,-67,1
1058,-71,1
1059,-65,1
1060,-96,0
1061,-71,1
1062,-95,0
1063,-71,1
1064,-98,0
1065,-69,1
1066,-96,0
1067,-96,0
1068,-70,1
1069,-73,1
1070,-67,1
1071,-67,1
1072,-96,0
1073,-66,1
1074,-95,0
1075,-71,1
1076,-97,0
1077,-67,1
1078,-71,1
1079,-94,0
1080,-96,0
1081,-68,1
1082,-94,0
1083,-67,1
1084,-70,1
1085,-70,1
1086,-97,0
1087,-67,1
1088,-95,0
1089,-70,1
1090,-72,1
1091,-96,0
1092,-70,1
1093,-95,0
1094,-71,1
1095,-68,1
1096,-96,0
1097,-98,0
1098,-67,1
1099,-95,0
1100,-96,0
1101,-97,0
1102,-72,1
1103,-68,1
1104,-70,1
1105,-98,0
1106,-70,1
1107,-68,1
1108,-69,1
1109,-69,1
1110,-71,1
1111,-66,1
1112,-95,0
1113,-67,1
1114,-96,0
1115,-94,0
1116,-95,0
1117,-96,0
1118,-93,0
1119,-69,1
1120,-67,1
1121,-68,1
1122,-96,0
1123,-68,1
1124,-67,1
1125,-96,0
1126,-95,0
1127,-68,1
1128,-97,0
1129,-96,0
1130,-68,1
1131,-93,0
1132,-68,1
1133,-71,1
1134,-69,1
1135,-72,1
1136,-70,1
1137,-67,1
1138,-68,1
1139,-71,1
1140,-70,1
1141,-96,0
1142,-68,1
1143,-67,1
1144,-70,1
1145,-95,0
1146,-96,0
1147,-70,1
1148,-71,1
1149,-69,1
1150,-73,1
1151,-67,1
1152,-68,1
1153,-70,1
1154,-65,1
1155,-97,0
1156,-68,1
1157,-95,0
1158,-94,0
1159,-69,1
1160,-72,1
1161,-96,0
1162,-96,0
1163,-71,1
1164,-97,0
1165,-72,1
1166,-98,0
1167,-72,1
1168,-69,1
1169,-71,1
1170,-97,0
1171,-94,0
1172,-93,0
1173,-71,1
1174,-96,0
1175,-97,0
1176,-70,1
1177,-70,1
1178,-66,1
1179,-98,0
1180,-96,0
1181,-96,0
1182,-68,1
1183,-71,1
1184,-96,0
1185,-70,1
1186,-96,0
1187,-72,1
1188,-69,1
1189,-96,0
1190,-94,0
1191,-96,0
1192,-68,1
1193,-98,0
1194,-70,1
1195,-69,1
1196,-71,1
1197,-69,1
1198,-68,1
1199,-70,1
1200,-70,1
1201,-68,1
1202,-68,1
1203,-94,0
1204,-68,1
1205,-97,0
1206,-68,1
1207,-67,1
1208,-98,0
1209,-69,1
1210,-65,1
1211,-99,0
1212,-66,1
1213,-96,0
1214,-68,1
1215,-96,0
1216,-96,0
1217,-97,0
1218,-96,0
1219,-94,0
1220,-69,1
1221,-72,1
1222,-69,1
1223,-72,1
1224,-97,0
1225,-97,0
1226,-70,1
1227,-95,0
1228,-96,0
1229,-71,1
1230,-70,1
1231,-72,1
1232,-96,0
1233,-71,1
1234,-68,1
1235,-70,1
1236,-96,0
1237,-96,0
1238,-69,1
1239,-67,1
1240,-96,0
1241,-70,1
1242,-96,0
1243,-73,1
1244,-66,1
1245,-95,1
1246,-70,1
1247,-68,1
1248,-97,0
1249,-71,1
1250,-96,0
1251,-97,0
1252,-68,1
1253,-67,1
1254,-67,1
1255,-71,1
1256,-68,1
1257,-68,1
1258,-97,0
1259,-67,1
1260,-69,1
1261,-71,1
1262,-69,1
1263,-96,0
1264,-69,1
1265,-67,1
1266,-67,1
1267,-67,1
1268,-71,1
1269,-68,1
1270,-95,0
1271,-67,1
1272,-66,1
1273,-71,1
1274,-68,1
1275,-65,1
1276,-69,1
1277,-94,0
1278,-71,1
1279,-96,0
1280,-67,1
1281,-96,0
1282,-95,0
1283,-68,1
1284,-68,1
1285,-98,0
1286,-72,1
1287,-97,0
1288,-68,1
1289,-70,1
1290,-100,0
1291,-71,1
1292,-73,1
1293,-72,1
1294,-68,1
1295,-71,1
1296,-68,1
1297,-68,1
1298,-69,1
1299,-68,1
1300,-68,1
1301,-70,1
1302,-94,0
1303,-72,1
1304,-94,0
1305,-99,0
1306,-94,0
1307,-66,1
1308,-73,1
1309,-71,1
1310,-66,1
1311,-96,0
1312,-70,1
1313,-98,0
1314,-68,1
1315,-71,1
1316,-97,0
1317,-96,0
1318,-96,0
1319,-97,0
1320,-95,0
1321,-69,1
1322,-72,1
1323,-69,1
1324,-68,1
1325,-64,1
1326,-66,1
1327,-97,0
1328,-68,1
1329,-69,1
1330,-97,0
1331,-65,1
1332,-69,1
1333,-97,0
1334,-68,1
1335,-97,0
1336,-69,1
1337,-95,0
1338,-97,0
1339,-94,0
1340,-70,1
1341,-66,1
1342,-96,0
1343,-96,0
1344,-70,1
1345,-68,1
1346,-68,1
1347,-71,1
1348,-72,1
1349,-67,1
1350,-69,1
1351,-67,1
1352,-71,1
1353,-97,0
1354,-95,0
1355,-73,1
1356,-94,0
1357,-94,0
1358,-68,1
1359,-70,1
1360,-69,1
1361,-70,1
1362,-93,0
1363,-70,1
1364,-96,0
1365,-94,0
1366,-96,0
1367,-95,0
1368,-94,0
1369,-95,0
1370,-96,0
1371,-69,1
1372,-70,1
1373,-68,1
1374,-67,1
1375,-96,0
1376,-68,1
1377,-94,0
1378,-71,1
1379,-71,1
1380,-72,1
1381,-68,1
1382,-73,1
1383,-71,1
1384,-70,1
1385,-98,0
1386,-70,1
1387,-68,1
1388,-96,0
1389,-94,0
1390,-70,1
1391,-67,1
1392,-94,0
1393,-71,1
1394,-98,0
1395,-94,0
1396,-72,1
1397,-68,1
1398,-68,1
1399,-98,0
1400,-69,1
1401,-68,1
1402,-96,0
1403,-73,1
1404,-70,1
1405,-67,1
1406,-99,0
1407,-71,1
1408,-69,1
1409,-95,0
1410,-68,1
1411,-68,1
1412,-72,1
1413,-94,0
1414,-95,0
1415,-71,1
1416,-71,1
1417,-96,0
1418,-68,1
1419,-68,1
1420,-68,1
1421,-69,1
1422,-97,0
1423,-68,1
1424,-69,1
1425,-72,1
1426,-68,1
1427,-96,0
1428,-68,1
1429,-67,1
1430,-65,1
1431,-67,1
1432,-69,1
1433,-69,1
1434,-69,1
1435,-71,1
1436,-96,0
1437,-95,0
1438,-69,1
1439,-74,1
1440,-69,1
1441,-98,0
1442,-96,0
1443,-67,1
1444,-94,0
1445,-68,1
1446,-99,0
1447,-71,1
1448,-74,1
1449,-68,1
1450,-69,1
1451,-68,1
1452,-69,1
1453,-71,1
1454,-67,1
1455,-97,0
1456,-94,0
1457,-96,0
1458,-66,1
1459,-68,1
1460,-95,0
1461,-97,0
1462,-98,0
1463,-97,0
1464,-95,0
1465,-69,1
1466,-70,1
1467,-71,1
1468,-70,1
1469,-67,1
1470,-66,1
1471,-97,0
1472,-69,1
1473,-70,1
1474,-99,0
1475,-69,1
1476,-96,0
1477,-96,0
1478,-96,0
1479,-71,1
1480,-69,1
1481,-68,1
1482,-74,1
1483,-96,0
1484,-96,0
1485,-96,0
1486,-93,0
1487,-96,0
1488,-69,1
1489,-70,1
1490,-97,0
1491,-70,1
1492,-71,1
1493,-68,1
1494,-68,1
1495,-70,1
1496,-96,0
1497,-68,1
1498,-93,0
1499,-94,0
1500,-68,1
1501,-96,0
1502,-71,1
1503,-69,1
1504,-67,1
1505,-95,0
1506,-72,1
1507,-96,0
1508,-68,1
1509,-70,1
1510,-68,1
1511,-71,1
1512,-74,1
1513,-68,1
1514,-97,0
1515,-69,1
1516,-71,1
1517,-68,1
1518,-66,1
1519,-65,1
1520,-71,1
1521,-68,1
1522,-71,1
1523,-67,1
1524,-95,0
1525,-70,1
1526,-68,1
1527,-68,1
1528,-68,1
1529,-69,1
1530,-66,1
1531,-69,1
1532,-66,1
1533,-72,1
1534,-68,1
1535,-97,0
1536,-96,0
1537,-97,0
1538,-70,1
1539,-70,1
1540,-94,0
1541,-71,1
1542,-96,0
1543,-71,1
1544,-97,0
1545,-70,1
1546,-69,1
1547,-68,1
1548,-73,1
1549,-67,1
1550,-71,1
1551,-95,0
1552,-96,0
1553,-96,0
1554,-71,1
1555,-95,0
1556,-70,1
1557,-96,0
1558,-69,1
1559,-96,0
1560,-68,1
1561,-71,1
1562,-69,1
1563,-97,0
1564,-71,1
1565,-67,1
1566,-71,1
1567,-94,0
1568,-73,1
1569,-69,1
1570,-69,1
1571,-71,1
1572,-68,1
1573,-70,1
1574,-96,0
1575,-95,0
1576,-67,1
1577,-69,1
1578,-96,0
1579,-96,0
1580,-71,1
1581,-68,1
1582,-69,1
1583,-70,1
1584,-70,1
1585,-93,0
1586,-70,1
1587,-72,1
1588,-67,1
1589,-68,1
1590,-68,1
1591,-96,0
1592,-68,1
1593,-72,1
1594,-98,0
1595,-95,0
1596,-97,0
1597,-68,1
1598,-68,1
1599,-101,0
1600,-97,0
1601,-67,1
1602,-96,0
1603,-68,1
1604,-98,0
1605,-96,0
1606,-71,1
1607,-67,1
1608,-95,0
1609,-95,0
1610,-68,1
1611,-69,1
1612,-70,1
1613,-96,0
1614,-96,0
1615,-70,1
1616,-68,1
1617,-94,0
1618,-68,1
1619,-68,1
1620,-73,1
1621,-71,1
1622,-95,0
1623,-72,1
1624,-67,1
1625,-68,1
1626,-97,0
1627,-94,0
1628,-66,1
1629,-68,1
1630,-68,1
1631,-68,1
1632,-72,1
1633,-66,1
1634,-98,0
1635,-70,1
1636,-70,1
1637,-68,1
1638,-67,1
1639,-68,1
1640,-96,0
1641,-96,0
1642,-69,1
1643,-67,1
1644,-66,1
1645,-67,1
1646,-68,1
1647,-94,0
1648,-70,1
1649,-68,1
1650,-68,1
1651,-70,1
1652,-94,0
1653,-97,0
1654,-70,1
1655,-66,1
1656,-95,0
1657,-97,0
1658,-97,0
1659,-95,0
1660,-67,1
1661,-96,0
1662,-96,0
1663,-68,1
1664,-66,1
1665,-74,1
1666,-96,0
1667,-83,1
1668,-67,1
1669,-71,1
1670,-70,1
1671,-67,1
1672,-95,0
1673,-68,1
1674,-94,0
1675,-96,0
1676,-66,1
1677,-67,1
1678,-68,1
1679,-71,1
1680,-68,1
1681,-68,1
1682,-71,1
1683,-69,1
1684,-67,1
1685,-70,1
1686,-96,0
1687,-67,1
1688,-70,1
1689,-68,1
1690,-70,1
1691,-96,0
1692,-96,0
1693,-68,1
1694,-70,1
1695,-70,1
1696,-97,0
1697,-96,0
1698,-69,1
1699,-96,0
1700,-96,0
1701,-74,1
1702,-96,0
1703,-67,1
1704,-66,1
1705,-95,0
1706,-96,0
1707,-97,0
1708,-96,0
1709,-96,0
1710,-68,1
1711,-97,0
1712,-68,1
1713,-96,0
1714,-72,1
1715,-70,1
1716,-68,1
1717,-65,1
1718,-95,0
1719,-68,1
1720,-96,0
1721,-67,1
1722,-71,1
1723,-96,0
1724,-96,0
1725,-97,0
1726,-70,1
1727,-70,1
1728,-67,1
1729,-71,1
1730,-71,1
1731,-66,1
1732,-96,0
1733,-66,1
1734,-71,1
1735,-68,1
1736,-94,0
1737,-72,1
1738,-96,0
1739,-97,0
1740,-99,0
1741,-96,0
1742,-96,0
1743,-67,1
1744,-69,1
1745,-71,1
1746,-71,1
1747,-75,1
1748,-69,1
1749,-97,0
1750,-96,0
1751,-96,0
1752,-96,0
1753,-96,0
1754,-71,1
1755,-69,1
1756,-67,1
1757,-70,1
1758,-96,0
1759,-97,0
1760,-67,1
1761,-95,0
1762,-99,0
1763,-73,1
1764,-66,1
1765,-96,0
1766,-96,0
1767,-97,0
1768,-96,0
1769,-71,1
1770,-96,0
1771,-65,1
1772,-94,0
1773,-97,0
1774,-94,0
1775,-95,0
1776,-97,0
1777,-70,1
1778,-69,1
1779,-96,0
1780,-98,0
1781,-97,0
1782,-96,0
1783,-100,0
1784,-96,0
1785,-95,0
1786,-94,0
1787,-69,1
1788,-98,0
1789,-97,0
1790,-95,0
1791,-68,1
1792,-97,0
1793,-97,0
1794,-69,1
1795,-70,1
1796,-69,1
1797,-65,1
1798,-68,1
1799,-71,1
1800,-96,0
1801,-69,1
1802,-97,0
1803,-96,0
1804,-70,1
1805,-69,1
1806,-69,1
1807,-96,0
1808,-68,1
1809,-71,1
1810,-67,1
1811,-72,1
1812,-69,1
1813,-96,0
1814,-98,0
1815,-97,0
1816,-70,1
1817,-96,0
1818,-96,0
1819,-96,0
1820,-72,1
1821,-98,0
1822,-71,1
1823,-69,1
1824,-68,1
1825,-95,0
1826,-96,0
1827,-69,1
1828,-67,1
1829,-65,1
1830,-93,0
1831,-71,1
1832,-68,1
1833,-96,0
1834,-95,0
1835,-72,1
1836,-71,1
1837,-69,1
1838,-67,1
1839,-96,0
1840,-70,1
1841,-67,1
1842,-71,1
1843,-92,0
1844,-69,1
1845,-70,1
1846,-71,1
1847,-68,1
1848,-70,1
1849,-69,1
1850,-96,0
1851,-67,1
1852,-70,1
1853,-97,0
1854,-71,1
1855,-95,0
1856,-68,1
1857,-67,1
1858,-67,1
1859,-95,0
1860,-68,1
1861,-69,1
1862,-69,1
1863,-97,0
1864,-67,1
1865,-73,1
1866,-68,1
1867,-96,0
1868,-96,0
1869,-68,1
1870,-72,1
1871,-96,0
1872,-67,1
1873,-96,0
1874,-71,1
1875,-96,0
1876,-70,1
1877,-70,1
1878,-68,1
1879,-70,1
1880,-95,0
1881,-67,1
1882,-68,1
1883,-96,0
1884,-95,0
1885,-96,0
1886,-96,0
1887,-68,1
1888,-72,1
1889,-97,0
1890,-68,1
1891,-71,1
1892,-96,0
1893,-69,1
1894,-95,0
1895,-68,1
1896,-70,1
1897,-69,1
1898,-70,1
1899,-68,1
1900,-71,1
1901,-67,1
1902,-96,0
1903,-96,0
1904,-98,0
1905,-69,1
1906,-93,0
1907,-70,1
1908,-70,1
1909,-96,0
1910,-65,1
1911,-70,1
1912,-72,1
1913,-69,1
1914,-70,1
1915,-70,1
1916,-70,1
1917,-95,0
1918,-96,0
1919,-69,1
1920,-70,1
1921,-68,1
1922,-68,1
1923,-67,1
1924,-67,1
1925,-95,0
1926,-66,1
1927,-69,1
1928,-69,1
1929,-68,1
1930,-96,0
1931,-96,0
1932,-97,0
1933,-96,0
1934,-70,1
1935,-66,1
1936,-70,1
1937,-95,0
1938,-70,1
1939,-65,1
1940,-70,1
1941,-71,1
1942,-94,0
1943,-96,0
1944,-97,0
1945,-97,0
1946,-71,1
1947,-67,1
1948,-97,0
1949,-97,0
1950,-71,1
1951,-96,0
1952,-74,1
1953,-69,1
1954,-96,0
1955,-96,0
1956,-96,0
1957,-70,1
1958,-95,0
1959,-79,1
1960,-71,1
1961,-85,1
1962,-69,1
1963,-74,1
1964,-95,0
1965,-71,1
1966,-69,1
1967,-65,1
1968,-98,0
1969,-94,0
1970,-97,0
1971,-67,1
1972,-67,1
1973,-96,0
1974,-71,1
1975,-96,0
1976,-95,0
1977,-67,1
1978,-68,1
1979,-66,1
1980,-71,1
1981,-71,1
1982,-66,1
1983,-67,1
1984,-68,1
1985,-95,0
1986,-68,1
1987,-69,1
1988,-97,0
1989,-70,1
1990,-69,1
1991,-69,1
1992,-68,1
1993,-70,1
1994,-100,0
1995,-96,0
1996,-65,1
1997,-69,1
1998,-66,1
1999,-69,1
2000,-96,0
2001,-71,1
2002,-97,0
2003,-97,0
2004,-74,1
2005,-96,0
2006,-68,1
2007,-94,0
2008,-97,0
2009,-69,1
2010,-97,0
2011,-95,0
2012,-97,0
2013,-70,1
2014,-70,1
2015,-93,0
2016,-97,0
2017,-67,1
2018,-66,1
2019,-95,0
2020,-67,1
2021,-72,1
2022,-96,0
2023,-71,1
2024,-68,1
2025,-96,0
2026,-94,0
2027,-71,1
2028,-98,0
2029,-70,1
2030,-69,1
2031,-97,0
2032,-67,1
2033,-95,0
2034,-99,0
2035,-96,0
2036,-67,1
2037,-97,0
2038,-71,1
2039,-96,0
2040,-70,1
2041,-68,1
2042,-99,0
2043,-97,0
2044,-70,1
2045,-70,1
2046,-69,1
2047,-67,1
2048,-70,1
2049,-71,1
2050,-94,0
2051,-71,1
2052,-97,0
2053,-69,1
2054,-96,0
2055,-98,0
2056,-94,0
2057,-97,0
2058,-68,1
2059,-66,1
2060,-96,0
2061,-67,1
2062,-69,1
2063,-67,1
2064,-96,0
2065,-68,1
2066,-69,1
2067,-71,1
2068,-67,1
2069,-95,0
2070,-70,1
2071,-68,1
2072,-69,1
2073,-97,0
2074,-67,1
2075,-72,1
2076,-96,0
2077,-95,0
2078,-98,0
2079,-95,0
2080,-75,1
2081,-96,0
2082,-94,0
2083,-68,1
2084,-66,1
2085,-96,0
2086,-69,1
2087,-96,0
2088,-70,1
2089,-68,1
2090,-68,1
2091,-97,0
2092,-96,0
2093,-96,0
2094,-95,0
2095,-71,1
2096,-96,0
2097,-71,1
2098,-66,1
2099,-72,1
2100,-69,1
2101,-96,0
2102,-70,1
2103,-96,0
2104,-66,1
2105,-96,0
2106,-70,1
2107,-96,0
2108,-97,0
2109,-75,1
2110,-69,1
2111,-70,1
2112,-69,1
2113,-67,1
2114,-96,0
2115,-67,1
2116,-70,1
2117,-97,0
2118,-72,1
2119,-68,1
2120,-77,1
2121,-67,1
2122,-66,1
2123,-73,1
2124,-96,0
2125,-97,0
2126,-96,0
2127,-67,1
2128,-96,0
2129,-94,0
2130,-94,0
2131,-72,1
2132,-96,0
2133,-97,0
2134,-95,0
2135,-72,1
2136,-96,0
2137,-95,0
2138,-71,1
2139,-74,1
2140,-99,0
2141,-71,1
2142,-94,0
2143,-96,0
2144,-96,0
2145,-96,0
2146,-94,0
2147,-95,0
2148,-97,0
2149,-69,1
2150,-70,1
2151,-95,0
2152,-74,1
2153,-96,0
2154,-72,1
2155,-69,1
2156,-70,1
2157,-96,0
2158,-96,0
2159,-69,1
2160,-93,0
2161,-67,1
2162,-96,0
2163,-97,0
2164,-96,0
2165,-67,1
2166,-72,1
2167,-69,1
2168,-68,1
2169,-68,1
2170,-96,0
2171,-70,1
2172,-68,1
2173,-75,1
2174,-95,0
2175,-69,1
2176,-69,1
2177,-96,0
2178,-67,1
2179,-69,1
2180,-95,0
2181,-65,1
2182,-71,1
2183,-66,1
2184,-96,0
2185,-69,1
2186,-69,1
2187,-71,1
2188,-94,0
2189,-66,1
2190,-68,1
2191,-96,0
2192,-96,0
2193,-96,0
2194,-70,1
2195,-97,0
2196,-66,1
2197,-96,0
2198,-69,1
2199,-68,1
2200,-67,1
2201,-73,1
2202,-69,1
2203,-69,1
2204,-68,1
2205,-94,0
2206,-97,0
2207,-69,1
2208,-97,0
2209,-97,0
2210,-70,1
2211,-95,0
2212,-69,1
2213,-96,0
2214,-97,0
2215,-70,1
2216,-69,1
2217,-68,1
2218,-66,1
2219,-97,0
2220,-69,1
2221,-76,1
2222,-69,1
2223,-94,0
2224,-95,0
2225,-67,1
2226,-99,0
2227,-95,0
2228,-66,1
2229,-71,1
2230,-76,1
2231,-97,0
2232,-95,0
2233,-68,1
2234,-72,1
2235,-67,1
2236,-69,1
2237,-71,1
2238,-96,0
2239,-67,1
2240,-97,0
2241,-68,1
2242,-96,0
2243,-69,1
2244,-96,0
2245,-67,1
2246,-69,1
2247,-96,0
2248,-70,1
2249,-72,1
2250,-97,0
2251,-68,1
2252,-96,0
2253,-71,1
2254,-97,0
2255,-71,1
2256,-96,0
2257,-97,0
2258,-67,1
2259,-70,1
2260,-96,0
2261,-68,1
2262,-97,0
2263,-68,1
2264,-67,1
2265,-70,1
2266,-97,0
2267,-69,1
2268,-94,0
2269,-83,1
2270,-96,0
2271,-97,0
2272,-97,0
2273,-96,0
2274,-96,0
2275,-96,0
2276,-67,1
2277,-67,1
2278,-98,0
2279,-70,1
2280,-96,0
2281,-70,1
2282,-97,0
2283,-70,1
2284,-71,1
2285,-98,0
2286,-96,0
2287,-69,1
2288,-67,1
2289,-72,1
2290,-69,1
2291,-69,1
2292,-65,1
2293,-69,1
2294,-66,1
2295,-73,1
2296,-96,0
2297,-68,1
2298,-71,1
2299,-67,1
2300,-65,1
2301,-97,0
2302,-94,0
2303,-71,1
2304,-67,1
2305,-96,0
2306,-71,1
2307,-96,0
2308,-96,0
2309,-67,1
2310,-70,1
2311,-68,1
2312,-95,0
2313,-96,0
2314,-71,1
2315,-96,0
2316,-71,1
2317,-97,0
2318,-94,0
2319,-68,1
2320,-69,1
2321,-96,0
2322,-67,1
2323,-94,0
2324,-94,0
2325,-96,0
2326,-71,1
2327,-69,1
2328,-66,1
2329,-71,1
2330,-70,1
2331,-71,1
2332,-94,0
2333,-69,1
2334,-70,1
2335,-68,1
2336,-70,1
2337,-68,1
2338,-71,1
2339,-96,0
2340,-97,0
2341,-71,1
2342,-71,1
2343,-69,1
2344,-69,1
2345,-66,1
2346,-96,0
2347,-68,1
2348,-98,0
2349,-69,1
2350,-96,0
2351,-67,1
2352,-66,1
2353,-94,0
2354,-96,0
2355,-95,0
2356,-71,1
2357,-68,1
2358,-72,1
2359,-68,1
2360,-94,0
2361,-69,1
2362,-66,1
2363,-72,1
2364,-96,0
2365,-70,1
2366,-98,0
2367,-67,1
2368,-66,1
2369,-97,0
2370,-99,0
2371,-96,0
2372,-97,0
2373,-97,0
2374,-68,1
2375,-68,1
2376,-71,1
2377,-73,1
2378,-95,0
2379,-96,0
2380,-68,1
2381,-71,1
2382,-70,1
2383,-96,0
2384,-93,0
2385,-68,1
2386,-96,0
2387,-96,0
2388,-99,0
2389,-71,1
2390,-96,0
2391,-70,1
2392,-68,1
2393,-70,1
2394,-70,1
2395,-68,1
2396,-69,1
2397,-74,1
2398,-67,1
2399,-72,1
2400,-67,1
2401,-96,0
2402,-66,1
2403,-96,0
2404,-72,1
2405,-71,1
2406,-69,1
2407,-68,1
2408,-67,1
2409,-68,1
2410,-68,1
2411,-69,1
2412,-70,1
2413,-71,1
2414,-70,1
2415,-96,0
2416,-68,1
2417,-97,0
2418,-75,1
2419,-69,1
2420,-93,0
2421,-67,1
2422,-69,1
2423,-71,1
2424,-94,0
2425,-93,0
2426,-69,1
2427,-68,1
2428,-65,1
2429,-68,1
2430,-95,0
2431,-67,1
2432,-69,1
2433,-96,0
2434,-66,1
2435,-71,1
2436,-96,0
2437,-98,0
2438,-66,1
2439,-71,1
2440,-69,1
2441,-96,0
2442,-69,1
2443,-68,1
2444,-69,1
2445,-97,0
2446,-68,1
2447,-96,0
2448,-66,1
2449,-75,1
2450,-74,1
2451,-94,0
2452,-67,1
2453,-72,1
2454,-70,1
2455,-96,0
2456,-70,1
2457,-97,0
2458,-66,1
2459,-68,1
2460,-72,1
2461,-65,1
2462,-66,1
2463,-67,1
2464,-70,1
2465,-69,1
2466,-72,1
2467,-96,0
2468,-68,1
2469,-97,0
2470,-73,1
2471,-67,1
2472,-97,0
2473,-72,1
2474,-69,1
2475,-69,1
2476,-96,0
2477,-69,1
2478,-68,1
2479,-97,0
2480,-67,1
2481,-97,0
2482,-71,1
2483,-70,1
2484,-67,1
2485,-95,0
2486,-71,1
2487,-67,1
2488,-72,1
2489,-96,0
2490,-68,1
2491,-67,1
2492,-98,0
2493,-70,1
2494,-93,0
2495,-73,1
2496,-70,1
2497,-71,1
2498,-68,1
2499,-67,1
2500,-96,0
2501,-95,0
2502,-66,1
2503,-70,1
2504,-71,1
2505,-93,0
2506,-70,1
2507,-97,0
2508,-69,1
2509,-74,1
2510,-68,1
2511,-68,1
2512,-69,1
2513,-95,0
2514,-68,1
2515,-67,1
2516,-70,1
2517,-68,1
2518,-67,1
2519,-70,1
2520,-93,0
2521,-69,1
2522,-95,0
2523,-97,0
2524,-67,1
2525,-70,1
2526,-67,1
2527,-96,0
2528,-70,1
2529,-85,1
2530,-71,1
2531,-66,1
2532,-70,1
2533,-66,1
2534,-71,1
2535,-96,0
2536,-70,1
2537,-65,1
2538,-97,0
2539,-69,1
2540,-71,1
2541,-66,1
2542,-95,0
2543,-70,1
2544,-96,0
2545,-69,1
2546,-96,0
2547,-96,0
2548,-66,1
2549,-94,0
2550,-93,0
2551,-95,0
2552,-66,1
2553,-96,0
2554,-68,1
2555,-69,1
2556,-96,0
2557,-71,1
2558,-70,1
2559,-96,0
2560,-70,1
2561,-70,1
2562,-72,1
2563,-68,1
2564,-69,1
2565,-96,0
2566,-68,1
2567,-73,1
2568,-95,0
2569,-71,1
2570,-69,1
2571,-68,1
2572,-95,0
2573,-96,0
2574,-96,0
2575,-68,1
2576,-69,1
2577,-96,0
2578,-71,1
2579,-66,1
2580,-69,1
2581,-97,0
2582,-72,1
2583,-72,1
2584,-94,0
2585,-99,0
2586,-97,0
2587,-96,0
2588,-99,0
2589,-94,0
2590,-71,1
2591,-67,1
2592,-99,0
2593,-69,1
2594,-97,0
2595,-69,1
2596,-66,1
2597,-70,1
2598,-70,1
2599,-68,1
2600,-67,1
2601,-69,1
2602,-72,1
2603,-68,1
2604,-95,0
2605,-73,1
2606,-70,1
2607,-69,1
2608,-66,1
2609,-72,1
2610,-95,0
2611,-97,0
2612,-96,0
2613,-94,0
2614,-71,1
2615,-70,1
2616,-75,1
2617,-70,1
2618,-68,1
2619,-98,0
2620,-94,0
2621,-98,0
2622,-97,0
2623,-71,1
2624,-96,0
2625,-71,1
2626,-99,0
2627,-97,0
2628,-67,1
2629,-69,1
2630,-68,1
2631,-67,1
2632,-97,0
2633,-97,0
2634,-68,1
2635,-97,0
2636,-72,1
2637,-96,0
2638,-96,0
2639,-65,1
2640,-96,0
2641,-65,1
2642,-71,1
2643,-93,0
2644,-97,0
2645,-68,1
2646,-98,0
2647,-68,1
2648,-96,0
2649,-71,1
2650,-97,0
2651,-71,1
2652,-96,0
2653,-97,0
2654,-70,1
2655,-67,1
2656,-96,0
2657,-96,0
2658,-98,0
2659,-97,0
2660,-97,0
2661,-69,1
2662,-71,1
2663,-70,1
2664,-68,1
2665,-67,1
2666,-98,0
2667,-68,1
2668,-94,0
2669,-67,1
2670,-94,0
2671,-72,1
2672,-95,0
2673,-95,0
2674,-69,1
2675,-71,1
2676,-73,1
2677,-96,0
2678,-71,1
2679,-67,1
2680,-70,1
2681,-68,1
2682,-68,1
2683,-68,1
2684,-94,0
2685,-69,1
2686,-68,1
2687,-93,0
2688,-69,1
2689,-97,0
2690,-72,1
2691,-70,1
2692,-97,0
2693,-68,1
2694,-67,1
2695,-68,1
2696,-67,1
2697,-95,0
2698,-71,1
2699,-69,1
2700,-68,1
2701,-70,1
2702,-68,1
2703,-69,1
2704,-96,0
2705,-96,0
2706,-68,1
2707,-68,1
2708,-69,1
2709,-97,0
2710,-71,1
2711,-68,1
2712,-70,1
2713,-95,0
2714,-70,1
2715,-68,1
2716,-67,1
2717,-68,1
2718,-67,1
2719,-97,0
2720,-74,1
2721,-97,0
2722,-68,1
2723,-66,1
2724,-99,0
2725,-96,0
2726,-95,0
2727,-72,1
2728,-94,0
2729,-68,1
2730,-68,1
2731,-95,0
2732,-69,1
2733,-101,0
2734,-96,0
2735,-72,1
2736,-95,0
2737,-95,0
2738,-68,1
2739,-97,0
2740,-67,1
2741,-97,0
2742,-70,1
2743,-71,1
2744,-98,0
2745,-66,1
2746,-69,1
2747,-72,1
2748,-69,1
2749,-70,1
2750,-96,0
2751,-96,0
2752,-68,1
2753,-71,1
2754,-70,1
2755,-69,1
2756,-66,1
2757,-74,1
2758,-71,1
2759,-96,0
2760,-68,1
2761,-97,0
2762,-68,1
2763,-69,1
2764,-95,0
2765,-69,1
2766,-67,1
2767,-95,0
2768,-68,1
2769,-69,1
2770,-96,0
2771,-69,1
2772,-71,1
2773,-69,1
2774,-95,0
2775,-96,0
2776,-96,0
2777,-94,0
2778,-97,0
2779,-74,1
2780,-67,1
2781,-98,0
2782,-99,0
2783,-68,1
2784,-67,1
2785,-67,1
2786,-68,1
2787,-68,1
2788,-67,1
2789,-70,1
2790,-67,1
2791,-97,0
2792,-67,1
2793,-70,1
2794,-96,0
2795,-96,0
2796,-72,1
2797,-66,1
2798,-95,0
2799,-66,1
2800,-70,1
2801,-67,1
2802,-65,1
2803,-68,1
2804,-98,0
2805,-68,1
2806,-96,0
2807,-71,1
2808,-96,0
2809,-69,1
2810,-67,1
2811,-68,1
2812,-97,0
2813,-68,1
2814,-95,0
2815,-69,1
2816,-99,0
2817,-68,1
2818,-68,1
2819,-69,1
2820,-71,1
2821,-66,1
2822,-97,0
2823,-98,0
2824,-94,0
2825,-67,1
2826,-69,1
2827,-68,1
2828,-72,1
2829,-98,0
2830,-71,1
2831,-68,1
2832,-70,1
2833,-68,1
2834,-70,1
2835,-72,1
2836,-67,1
2837,-96,0
2838,-95,0
2839,-97,0
2840,-69,1
2841,-96,0
2842,-75,1
2843,-68,1
2844,-94,0
2845,-96,0
2846,-94,0
2847,-95,0
2848,-70,1
2849,-68,1
2850,-66,1
2851,-70,1
2852,-66,1
2853,-70,1
2854,-68,1
2855,-96,0
2856,-68,1
2857,-71,1
2858,-73,1
2859,-96,0
2860,-70,1
2861,-96,0
2862,-98,0
2863,-97,1
2864,-97,0
2865,-71,1
2866,-67,1
2867,-70,1
2868,-68,1
2869,-66,1
2870,-68,1
2871,-97,0
2872,-94,0
2873,-71,1
2874,-65,1
2875,-75,1
2876,-70,1
2877,-69,1
2878,-67,1
2879,-67,1
2880,-70,1
2881,-70,1
2882,-96,0
2883,-96,0
2884,-94,0
2885,-67,1
2886,-93,0
2887,-71,1
2888,-68,1
2889,-95,0
2890,-69,1
2891,-71,1
2892,-69,1
2893,-70,1
2894,-96,0
2895,-68,1
2896,-99,0
2897,-94,0
2898,-97,0
2899,-71,1
2900,-69,1
2901,-72,1
2902,-97,0
2903,-97,0
2904,-94,0
2905,-71,1
2906,-65,1
2907,-97,0
2908,-66,1
2909,-68,1
2910,-69,1
2911,-68,1
2912,-94,0
2913,-69,1
2914,-97,0
2915,-68,1
2916,-68,1
2917,-71,1
2918,-97,0
2919,-69,1
2920,-67,1
2921,-69,1
2922,-72,1
2923,-93,0
2924,-67,1
2925,-70,1
2926,-96,0
2927,-95,0
2928,-68,1
2929,-96,0
2930,-98,0
2931,-96,0
2932,-95,0
2933,-70,1
2934,-95,0
2935,-70,1
2936,-96,0
2937,-97,0
2938,-95,0
2939,-70,1
2940,-70,1
2941,-96,0
2942,-72,1
2943,-67,1
2944,-68,1
2945,-96,0
2946,-97,0
2947,-96,0
2948,-95,0
2949,-69,1
2950,-96,0
2951,-83,1
2952,-69,1
2953,-69,1
2954,-96,0
2955,-67,1
2956,-96,0
2957,-68,1
2958,-97,0
2959,-71,1
2960,-69,1
2961,-69,1
2962,-98,0
2963,-68,1
2964,-97,0
2965,-68,1
2966,-68,1
2967,-96,0
2968,-96,0
2969,-99,0
2970,-94,0
2971,-74,1
2972,-71,1
2973,-68,1
2974,-68,1
2975,-69,1
2976,-95,0
2977,-71,1
2978,-67,1
2979,-70,1
2980,-68,1
2981,-67,1
2982,-74,1
2983,-67,1
2984,-97,0
2985,-72,1
2986,-69,1
2987,-94,0
2988,-97,0
2989,-69,1
2990,-94,0
2991,-69,1
2992,-97,0
2993,-96,0
2994,-69,1
2995,-71,1
2996,-70,1
2997,-69,1
2998,-68,1
2999,-96,0
3000,-70,1
3001,-70,1
3002,-70,1
3003,-68,1
3004,-69,1
3005,-72,1
3006,-69,1
3007,-97,0
3008,-97,0
3009,-70,1
3010,-97,0
3011,-68,1
3012,-97,0
3013,-69,1
3014,-96,0
3015,-69,1
3016,-95,0
3017,-96,0
3018,-67,1
3019,-67,1
3020,-98,0
3021,-97,0
3022,-70,1
3023,-96,0
3024,-99,0
3025,-68,1
3026,-66,1
3027,-71,1
3028,-71,1
3029,-93,0
3030,-94,0
3031,-69,1
3032,-67,1
3033,-72,1
3034,-66,1
3035,-71,1
3036,-66,1
3037,-71,1
3038,-97,0
3039,-96,0
3040,-70,1
3041,-68,1
3042,-69,1
3043,-69,1
3044,-95,0
3045,-97,0
3046,-66,1
3047,-71,1
3048,-68,1
3049,-94,0
3050,-68,1
3051,-70,1
3052,-66,1
3053,-95,0
3054,-97,0
3055,-69,1
3056,-93,0
3057,-71,1
3058,-69,1
3059,-71,1
3060,-68,1
3061,-70,1
3062,-69,1
3063,-71,1
3064,-97,0
3065,-71,1
3066,-64,1
3067,-72,1
3068,-69,1
3069,-74,1
3070,-70,1
3071,-70,1
3072,-96,0
3073,-99,0
3074,-96,0
3075,-94,0
3076,-94,0
3077,-96,0
3078,-68,1
3079,-69,1
3080,-98,0
3081,-96,0
3082,-96,0
3083,-96,0
3084,-70,1
3085,-96,0
3086,-71,1
3087,-68,1
3088,-97,0
3089,-94,0
3090,-67,1
3091,-68,1
3092,-94,0
3093,-67,1
3094,-72,1
3095,-68,1
3096,-70,1
3097,-67,1
3098,-70,1
3099,-93,0
3100,-71,1
3101,-68,1
3102,-94,0
3103,-96,0
3104,-70,1
3105,-96,0
3106,-96,0
3107,-70,1
3108,-75,1
3109,-97,0
3110,-69,1
3111,-64,1
3112,-70,1
3113,-68,1
3114,-68,1
3115,-74,1
3116,-71,1
3117,-68,1
3118,-98,0
3119,-94,0
3120,-67,1
3121,-69,1
3122,-69,1
3123,-96,0
3124,-97,0
3125,-96,0
3126,-95,0
3127,-71,1
3128,-69,1
3129,-72,1
3130,-69,1
3131,-96,0
3132,-68,1
3133,-65,1
3134,-68,1
3135,-68,1
3136,-95,0
3137,-97,0
3138,-68,1
3139,-69,1
3140,-97,0
3141,-86,1
3142,-96,0
3143,-71,1
3144,-67,1
3145,-69,1
3146,-97,0
3147,-95,0
3148,-68,1
3149,-97,0
3150,-68,1
3151,-95,0
3152,-71,1
3153,-96,0
3154,-97,0
3155,-72,1
3156,-68,1
3157,-96,0
3158,-69,1
3159,-69,1
3160,-67,1
3161,-97,0
3162,-66,1
3163,-97,0
3164,-68,1
3165,-69,1
3166,-96,0
3167,-71,1
3168,-70,1
3169,-95,0
3170,-71,1
3171,-68,1
3172,-95,0
3173,-71,1
3174,-97,0
3175,-67,1
3176,-69,1
3177,-93,0
3178,-68,1
3179,-96,0
3180,-71,1
3181,-96,0
3182,-70,1
3183,-68,1
3184,-68,1
3185,-67,1
3186,-74,1
3187,-96,0
3188,-97,0
3189,-68,1
3190,-70,1
3191,-71,1
3192,-70,1
3193,-97,0
3194,-69,1
3195,-99,0
3196,-69,1
3197,-98,0
3198,-73,1
3199,-70,1
3200,-94,0
3201,-67,1
3202,-98,0
3203,-69,1
3204,-68,1
3205,-69,1
3206,-95,0
3207,-70,1
3208,-70,1
3209,-96,0
3210,-70,1
3211,-71,1
3212,-94,0
3213,-97,0
3214,-71,1
3215,-70,1
3216,-69,1
3217,-72,1
3218,-68,1
3219,-73,1
3220,-70,1
3221,-96,0
3222,-65,1
3223,-67,1
3224,-72,1
3225,-95,0
3226,-97,0
3227,-65,1
3228,-67,1
3229,-68,1
3230,-96,0
3231,-97,0
3232,-97,0
3233,-72,1
3234,-96,0
3235,-69,1
3236,-68,1
3237,-96,0
3238,-96,0
3239,-97,0
3240,-71,1
3241,-94,0
3242,-70,1
3243,-97,0
3244,-69,1
3245,-71,1
3246,-73,1
3247,-97,0
3248,-71,1
3249,-96,0
3250,-64,1
3251,-68,1
3252,-94,0
3253,-71,1
3254,-67,1
3255,-69,1
3256,-96,0
3257,-67,1
3258,-68,1
3259,-70,1
3260,-98,0
3261,-93,0
3262,-96,0
3263,-97,0
3264,-93,0
3265,-69,1
3266,-69,1
3267,-97,0
3268,-69,1
3269,-98,0
3270,-68,1
3271,-66,1
3272,-72,1
3273,-71,1
3274,-67,1
3275,-67,1
3276,-70,1
3277,-71,1
3278,-69,1
3279,-98,0
3280,-95,0
3281,-70,1
3282,-96,0
3283,-68,1
3284,-97,0
3285,-95,0
3286,-71,1
3287,-96,0
3288,-70,1
3289,-66,1
3290,-68,1
3291,-69,1
3292,-70,1
3293,-68,1
3294,-97,0
3295,-71,1
3296,-96,0
3297,-94,0
3298,-67,1
3299,-96,0
3300,-69,1
3301,-69,1
3302,-69,1
3303,-95,0
3304,-65,1
3305,-71,1
3306,-96,0
3307,-96,0
3308,-70,1
3309,-94,0
3310,-70,1
3311,-70,1
3312,-70,1
3313,-99,0
3314,-67,1
3315,-70,1
3316,-68,1
3317,-96,0
3318,-95,0
3319,-68,1
3320,-74,1
3321,-94,0
3322,-96,0
3323,-71,1
3324,-97,0
3325,-71,1
3326,-96,0
3327,-71,1
3328,-69,1
3329,-97,0
3330,-68,1
3331,-94,0
3332,-96,0
3333,-69,1
3334,-69,1
3335,-68,1
3336,-67,1
3337,-69,1
3338,-70,1
3339,-69,1
3340,-68,1
3341,-98,0
3342,-70,1
3343,-67,1
3344,-94,0
3345,-71,1
3346,-68,1
3347,-70,1
3348,-66,1
3349,-68,1
3350,-97,0
3351,-71,1
3352,-96,0
3353,-71,1
3354,-72,1
3355,-70,1
3356,-70,1
3357,-96,0
3358,-66,1
3359,-71,1
3360,-69,1
3361,-68,1
3362,-94,0
3363,-68,1
3364,-71,1
3365,-70,1
3366,-96,0
3367,-69,1
3368,-68,1
3369,-71,1
3370,-70,1
3371,-67,1
3372,-66,1
3373,-96,0
3374,-65,1
3375,-95,0
3376,-69,1
3377,-68,1
3378,-95,0
3379,-96,0
3380,-68,1
3381,-71,1
3382,-97,0
3383,-68,1
3384,-95,0
3385,-72,1
3386,-70,1
3387,-96,0
3388,-70,1
3389,-68,1
3390,-67,1
3391,-70,1
3392,-95,0
3393,-95,0
3394,-94,0
3395,-70,1
3396,-65,1
3397,-96,0
3398,-69,1
3399,-97,0
3400,-67,1
3401,-96,0
3402,-98,0
3403,-70,1
3404,-71,1
3405,-99,0
3406,-68,1
3407,-68,1
3408,-72,1
3409,-96,0
3410,-67,1
3411,-69,1
3412,-71,1
3413,-70,1
3414,-68,1
3415,-67,1
3416,-98,0
3417,-71,1
3418,-67,1
3419,-96,0
3420,-93,0
3421,-96,0
3422,-70,1
3423,-69,1
3424,-97,0
3425,-65,1
3426,-69,1
3427,-69,1
3428,-66,1
3429,-69,1
3430,-73,1
3431,-98,0
3432,-71,1
3433,-69,1
3434,-66,1
3435,-96,0
3436,-69,1
3437,-96,0
3438,-96,0
3439,-68,1
3440,-98,0
3441,-71,1
3442,-70,1
3443,-69,1
3444,-69,1
3445,-95,0
3446,-71,1
3447,-96,0
3448,-96,0
3449,-97,0
3450,-96,0
3451,-68,1
3452,-71,1
3453,-67,1
3454,-72,1
3455,-69,1
3456,-96,0
3457,-96,0
3458,-68,1
3459,-69,1
3460,-71,1
3461,-69,1
3462,-70,1
3463,-96,0
3464,-75,1
3465,-66,1
3466,-71,1
3467,-67,1
3468,-96,0
3469,-71,1
3470,-68,1
3471,-71,1
3472,-96,0
3473,-97,0
3474,-95,0
3475,-94,0
3476,-68,1
3477,-99,0
3478,-71,1
3479,-69,1
3480,-67,1
3481,-96,0
3482,-72,1
3483,-68,1
3484,-67,1
3485,-66,1
3486,-95,0
3487,-65,1
3488,-68,1
3489,-96,0
3490,-69,1
3491,-69,1
3492,-68,1
3493,-97,0
3494,-97,0
3495,-68,1
3496,-71,1
3497,-67,1
3498,-68,1
3499,-96,0
3500,-96,0
3501,-96,0
3502,-68,1
3503,-68,1
3504,-69,1
3505,-68,1
3506,-97,0
3507,-67,1
3508,-96,0
3509,-66,1
3510,-98,0
3511,-96,0
3512,-71,1
3513,-96,0
3514,-69,1
3515,-68,1
3516,-71,1
3517,-72,1
3518,-68,1
3519,-67,1
3520,-70,1
3521,-70,1
3522,-69,1
3523,-68,1
3524,-97,1
3525,-70,1
3526,-70,1
3527,-72,1
3528,-71,1
3529,-94,0
3530,-71,1
3531,-66,1
3532,-94,0
3533,-71,1
3534,-94,0
3535,-68,1
3536,-70,1
3537,-69,1
3538,-95,0
3539,-94,0
3540,-96,0
3541,-70,1
3542,-96,0
3543,-72,1
3544,-96,0
3545,-96,0
3546,-96,0
3547,-70,1
3548,-67,1
3549,-96,0
3550,-66,1
3551,-94,0
3552,-97,0
3553,-97,0
3554,-70,1
3555,-70,1
3556,-94,0
3557,-70,1
3558,-94,0
3559,-96,0
3560,-94,0
3561,-72,1
3562,-99,0
3563,-98,0
3564,-66,1
3565,-96,1
3566,-96,0
3567,-74,1
3568,-98,0
3569,-67,1
3570,-98,0
3571,-72,1
3572,-68,1
3573,-69,1
3574,-95,0
3575,-69,1
3576,-96,0
3577,-71,1
3578,-97,0
3579,-68,1
3580,-94,0
3581,-66,1
3582,-71,1
3583,-96,0
3584,-68,1
3585,-71,1
3586,-95,0
3587,-69,1
3588,-71,1
3589,-96,0
3590,-65,1
3591,-71,1
3592,-68,1
3593,-67,1
3594,-96,0
3595,-68,1
3596,-69,1
3597,-97,0
3598,-96,0
3599,-75,1
3600,-96,0
3601,-70,1
3602,-96,0
3603,-97,0
3604,-70,1
3605,-96,0
3606,-70,1
3607,-69,1
3608,-67,1
3609,-68,1
3610,-71,1
3611,-70,1
3612,-97,0
3613,-69,1
3614,-69,1
3615,-70,1
3616,-97,0
3617,-96,0
3618,-69,1
3619,-94,0
3620,-70,1
3621,-96,0
3622,-77,1
3623,-70,1
3624,-66,1
3625,-69,1
3626,-69,1
3627,-96,0
3628,-73,1
3629,-71,1
3630,-68,1
3631,-69,1
3632,-69,1
3633,-72,1
3634,-69,1
3635,-68,1
3636,-94,0
3637,-67,1
3638,-69,1
3639,-70,1
3640,-97,0
3641,-69,1
3642,-98,0
3643,-96,0
3644,-68,1
3645,-97,0
3646,-69,1
3647,-69,1
3648,-71,1
3649,-69,1
3650,-95,0
3651,-71,1
3652,-70,1
3653,-68,1
3654,-68,1
3655,-95,0
3656,-99,0
3657,-66,1
3658,-71,1
3659,-73,1
3660,-68,1
3661,-68,1
3662,-96,0
3663,-96,0
3664,-68,1
3665,-67,1
3666,-66,1
3667,-68,1
3668,-66,1
3669,-98,0
3670,-68,1
3671,-69,1
3672,-68,1
3673,-68,1
3674,-100,0
3675,-97,0
3676,-67,1
3677,-68,1
3678,-69,1
3679,-71,1
3680,-76,1
3681,-69,1
3682,-67,1
3683,-96,0
3684,-98,0
3685,-66,1
3686,-69,1
3687,-69,1
3688,-70,1
3689,-65,1
3690,-94,0
3691,-68,1
3692,-96,0
3693,-94,0
3694,-73,1
3695,-96,0
3696,-70,1
3697,-95,0
3698,-99,0
3699,-68,1
3700,-95,0
3701,-68,1
3702,-67,1
3703,-96,0
3704,-67,1
3705,-97,0
3706,-69,1
3707,-68,1
3708,-68,1
3709,-98,0
3710,-96,0
3711,-96,0
3712,-68,1
3713,-96,0
3714,-69,1
3715,-66,1
3716,-70,1
3717,-66,1
3718,-66,1
3719,-68,1
3720,-93,0
3721,-97,0
3722,-72,1
3723,-97,0
3724,-94,0
3725,-96,0
3726,-95,0
3727,-96,0
3728,-73,1
3729,-96,0
3730,-67,1
3731,-68,1
3732,-67,1
3733,-96,0
3734,-96,0
3735,-68,1
3736,-94,0
3737,-71,1
3738,-70,1
3739,-69,1
3740,-96,0
3741,-68,1
3742,-96,0
3743,-69,1
3744,-71,1
3745,-69,1
3746,-70,1
3747,-98,0
3748,-69,1
3749,-100,0
3750,-66,1
3751,-97,0
3752,-69,1
3753,-70,1
3754,-71,1
3755,-68,1
3756,-71,1
3757,-70,1
3758,-72,1
3759,-95,0
3760,-97,0
3761,-68,1
3762,-96,0
3763,-65,1
3764,-67,1
3765,-69,1
3766,-97,0
3767,-67,1
3768,-66,1
3769,-72,1
3770,-69,1
3771,-97,0
3772,-96,0
3773,-93,0
3774,-71,1
3775,-70,1
3776,-69,1
3777,-68,1
3778,-69,1
3779,-96,0
3780,-96,0
3781,-96,0
3782,-73,1
3783,-70,1
3784,-96,0
3785,-96,0
3786,-96,0
3787,-97,0
3788,-65,1
3789,-67,1
3790,-96,0
3791,-68,1
3792,-69,1
3793,-98,0
3794,-71,1
3795,-65,1
3796,-96,0
3797,-71,1
3798,-68,1
3799,-68,1
3800,-71,1
3801,-95,0
3802,-97,0
3803,-66,1
3804,-96,0
3805,-97,0
3806,-69,1
3807,-96,0
3808,-67,1
3809,-70,1
3810,-70,1
3811,-96,0
3812,-95,0
3813,-96,0
3814,-94,0
3815,-67,1
3816,-76,1
3817,-73,1
3818,-74,1
3819,-66,1
3820,-65,1
3821,-65,1
3822,-71,1
3823,-72,1
3824,-69,1
3825,-96,0
3826,-96,0
3827,-72,1
3828,-67,1
3829,-94,0
3830,-71,1
3831,-66,1
3832,-68,1
3833,-98,0
3834,-96,0
3835,-68,1
3836,-96,0
3837,-97,0
3838,-67,1
3839,-67,1
3840,-97,0
3841,-96,0
3842,-96,0
3843,-67,1
3844,-96,0
3845,-69,1
3846,-72,1
3847,-70,1
3848,-97,0
3849,-68,1
3850,-97,0
3851,-95,0
3852,-96,0
3853,-96,0
3854,-66,1
3855,-70,1
3856,-67,1
3857,-70,1
3858,-66,1
3859,-68,1
3860,-97,0
3861,-68,1
3862,-70,1
3863,-94,0
3864,-71,1
3865,-68,1
3866,-67,1
3867,-96,0
3868,-66,1
3869,-68,1
3870,-74,1
3871,-71,1
3872,-97,0
3873,-70,1
3874,-71,1
3875,-71,1
3876,-71,1
3877,-72,1
3878,-69,1
3879,-70,1
3880,-67,1
3881,-99,0
3882,-68,1
3883,-69,1
3884,-95,0
3885,-69,1
3886,-70,1
3887,-97,0
3888,-70,1
3889,-71,1
3890,-70,1
3891,-96,0
3892,-96,0
3893,-96,0
3894,-95,0
3895,-96,0
3896,-71,1
3897,-66,1
3898,-96,0
3899,-68,1
3900,-97,0
3901,-96,0
3902,-68,1
3903,-69,1
3904,-69,1
3905,-96,0
3906,-73,1
3907,-71,1
3908,-70,1
3909,-98,0
3910,-69,1
3911,-71,1
3912,-70,1
3913,-69,1
3914,-97,0
3915,-70,1
3916,-96,0
3917,-69,1
3918,-94,0
3919,-68,1
3920,-96,0
3921,-68,1
3922,-94,0
3923,-67,1
3924,-68,1
3925,-69,1
3926,-68,1
3927,-70,1
3928,-95,0
3929,-66,1
3930,-68,1
3931,-95,0
3932,-96,0
3933,-71,1
3934,-68,1
3935,-68,1
3936,-70,1
3937,-67,1
3938,-98,0
3939,-63,1
3940,-97,0
3941,-96,0
3942,-96,0
3943,-97,0
3944,-98,0
3945,-99,0
3946,-71,1
3947,-97,0
3948,-95,0
3949,-96,0
3950,-96,0
3951,-96,0
3952,-69,1
3953,-67,1
3954,-68,1
3955,-70,1
3956,-96,0
3957,-96,0
3958,-66,1
3959,-73,1
3960,-68,1
3961,-97,0
3962,-68,1
3963,-97,0
3964,-96,0
3965,-72,1
3966,-66,1
3967,-65,1
3968,-69,1
3969,-95,0
3970,-97,0
3971,-68,1
3972,-98,0
3973,-96,0
3974,-70,1
3975,-67,1
3976,-98,0
3977,-96,0
3978,-70,1
3979,-68,1
3980,-70,1
3981,-68,1
3982,-67,1
3983,-71,1
3984,-68,1
3985,-93,0
3986,-70,1
3987,-96,0
3988,-70,1
3989,-95,0
3990,-97,0
3991,-96,0
3992,-95,0
3993,-68,1
3994,-96,0
3995,-68,1
3996,-74,1
3997,-96,0
3998,-71,1
3999,-69,1
4000,-71,1
4001,-97,0
4002,-71,1
4003,-68,1
4004,-69,1
4005,-72,1
4006,-97,0
4007,-96,0
4008,-98,0
4009,-96,0
4010,-71,1
4011,-73,1
4012,-96,0
4013,-99,0
4014,-96,0
4015,-70,1
4016,-94,0
4017,-67,1
4018,-72,1
4019,-97,0
4020,-71,1
4021,-73,1
4022,-73,1
4023,-68,1
4024,-69,1
4025,-70,1
4026,-69,1
4027,-66,1
4028,-68,1
4029,-98,0
4030,-71,1
4031,-96,0
4032,-70,1
4033,-68,1
4034,-70,1
4035,-66,1
4036,-68,1
4037,-96,0
4038,-97,0
4039,-95,0
4040,-70,1
4041,-96,0
4042,-72,1
4043,-70,1
4044,-96,0
4045,-73,1
4046,-96,0
4047,-67,1
4048,-69,1
4049,-97,0
4050,-97,0
4051,-66,1
4052,-96,0
4053,-96,0
4054,-68,1
4055,-96,0
4056,-95,0
4057,-65,1
4058,-69,1
4059,-94,0
4060,-70,1
4061,-69,1
4062,-68,1
4063,-68,1
4064,-94,0
4065,-69,1
4066,-96,0
4067,-69,1
4068,-94,0
4069,-71,1
4070,-68,1
4071,-70,1
4072,-97,0
4073,-69,1
4074,-68,1
4075,-96,0
4076,-97,0
4077,-96,0
4078,-71,1
4079,-68,1
4080,-67,1
4081,-70,1
4082,-66,1
4083,-66,1
4084,-68,1
4085,-72,1
4086,-70,1
4087,-68,1
4088,-64,1
4089,-70,1
4090,-94,0
4091,-72,1
4092,-97,0
4093,-94,0
4094,-96,0
4095,-71,1
4096,-95,0
4097,-67,1
4098,-99,0
4099,-93,0
4100,-69,1
4101,-96,0
4102,-71,1
4103,-68,1
4104,-96,0
4105,-96,0
4106,-70,1
4107,-96,0
4108,-71,1
4109,-70,1
4110,-67,1
4111,-66,1
4112,-66,1
4113,-70,1
4114,-70,1
4115,-95,0
4116,-70,1
4117,-66,1
4118,-70,1
4119,-69,1
4120,-68,1
4121,-68,1
4122,-70,1
4123,-97,0
4124,-69,1
4125,-69,1
4126,-96,0
4127,-68,1
4128,-73,1
4129,-69,1
4130,-96,0
4131,-96,0
4132,-68,1
4133,-94,0
4134,-94,0
4135,-68,1
4136,-70,1
4137,-69,1
4138,-68,1
4139,-70,1
4140,-70,1
4141,-67,1
4142,-68,1
4143,-66,1
4144,-68,1
4145,-67,1
4146,-68,1
4147,-66,1
4148,-97,0
4149,-68,1
4150,-95,0
4151,-70,1
4152,-72,1
4153,-68,1
4154,-96,0
4155,-67,1
4156,-95,0
4157,-71,1
4158,-67,1
4159,-70,1
4160,-71,1
4161,-97,0
4162,-66,1
4163,-67,1
4164,-66,1
4165,-70,1
4166,-68,1
4167,-96,0
4168,-73,1
4169,-98,0
4170,-69,1
4171,-96,0
4172,-72,1
4173,-95,0
4174,-70,1
4175,-96,0
4176,-70,1
4177,-69,1
4178,-97,0
4179,-70,1
4180,-94,0
4181,-66,1
4182,-97,0
4183,-96,0
4184,-96,0
4185,-67,1
4186,-99,0
4187,-69,1
4188,-69,1
4189,-95,0
4190,-71,1
4191,-68,1
4192,-70,1
4193,-68,1
4194,-67,1
4195,-70,1
4196,-68,1
4197,-96,0
4198,-93,0
4199,-69,1
4200,-97,0
4201,-68,1
4202,-98,0
4203,-68,1
4204,-67,1
4205,-69,1
4206,-97,0
4207,-68,1
4208,-96,0
4209,-71,1
4210,-68,1
4211,-67,1
4212,-95,0
4213,-70,1
4214,-72,1
4215,-93,0
4216,-68,1
4217,-69,1
4218,-70,1
4219,-69,1
4220,-96,0
4221,-70,1
4222,-93,0
4223,-70,1
4224,-95,0
4225,-95,0
4226,-69,1
4227,-73,1
4228,-68,1
4229,-96,0
4230,-94,0
4231,-69,1
4232,-72,1
4233,-71,1
4234,-96,0
4235,-70,1
4236,-70,1
4237,-95,0
4238,-66,1
4239,-67,1
4240,-73,1
4241,-97,0
4242,-70,1
4243,-67,1
4244,-95,0
4245,-68,1
4246,-68,1
4247,-68,1
4248,-96,0
4249,-98,0
4250,-94,0
4251,-69,1
4252,-69,1
4253,-66,1
4254,-96,0
4255,-70,1
4256,-70,1
4257,-68,1
4258,-98,0
4259,-69,1
4260,-96,0
4261,-96,0
4262,-98,0
4263,-95,0
4264,-67,1
4265,-68,1
4266,-66,1
4267,-94,0
4268,-97,0
4269,-72,1
4270,-96,0
4271,-93,0
4272,-71,1
4273,-96,0
4274,-72,1
4275,-95,0
4276,-96,0
4277,-71,1
4278,-68,1
4279,-71,1
4280,-94,0
4281,-71,1
4282,-70,1
4283,-69,1
4284,-67,1
4285,-96,0
4286,-97,0
4287,-97,0
4288,-70,1
4289,-70,1
4290,-72,1
4291,-96,0
4292,-96,0
4293,-68,1
4294,-96,0
4295,-67,1
4296,-72,1
4297,-65,1
4298,-75,1
4299,-73,1
4300,-97,0
4301,-69,1
4302,-69,1
4303,-73,1
4304,-72,1
4305,-69,1
4306,-97,0
4307,-95,0
4308,-96,0
4309,-66,1
4310,-68,1
4311,-96,0
4312,-69,1
4313,-66,1
4314,-94,0
4315,-66,1
4316,-69,1
4317,-69,1
4318,-67,1
4319,-70,1
4320,-69,1
4321,-68,1
4322,-69,1
4323,-96,0
4324,-94,0
4325,-69,1
4326,-69,1
4327,-95,0
4328,-68,1
4329,-97,0
4330,-69,1
4331,-71,1
4332,-66,1
4333,-70,1
4334,-95,0
4335,-66,1
4336,-70,1
4337,-71,1
4338,-66,1
4339,-67,1
4340,-68,1
4341,-71,1
4342,-69,1
4343,-70,1
4344,-67,1
4345,-68,1
4346,-94,0
4347,-68,1
4348,-68,1
4349,-65,1
4350,-68,1
4351,-68,1
4352,-96,0
4353,-94,0
4354,-74,1
4355,-67,1
4356,-72,1
4357,-97,0
4358,-71,1
4359,-71,1
4360,-96,0
4361,-66,1
4362,-70,1
4363,-96,0
4364,-96,0
4365,-68,1
4366,-96,0
4367,-72,1
4368,-96,0
4369,-68,1
4370,-95,0
4371,-98,0
4372,-97,0
4373,-71,1
4374,-96,0
4375,-93,0
4376,-71,1
4377,-70,1
4378,-67,1
4379,-94,0
4380,-95,0
4381,-66,1
4382,-68,1
4383,-68,1
4384,-69,1
4385,-69,1
4386,-96,0
4387,-69,1
4388,-70,1
4389,-71,1
4390,-72,1
4391,-68,1
4392,-71,1
4393,-71,1
4394,-97,0
4395,-96,0
4396,-97,0
4397,-66,1
4398,-68,1
4399,-66,1
4400,-73,1
4401,-69,1
4402,-96,0
4403,-96,0
4404,-67,1
4405,-68,1
4406,-69,1
4407,-68,1
4408,-96,0
4409,-65,1
4410,-69,1
4411,-96,0
4412,-90,1
4413,-96,0
4414,-94,0
4415,-97,0
4416,-96,0
4417,-70,1
4418,-68,1
4419,-76,1
4420,-68,1
4421,-67,1
4422,-68,1
4423,-71,1
4424,-95,0
4425,-97,0
4426,-94,0
4427,-97,0
4428,-72,1
4429,-72,1
4430,-70,1
4431,-70,1
4432,-69,1
4433,-73,1
4434,-73,1
4435,-67,1
4436,-95,0
4437,-96,0
4438,-69,1
4439,-97,0
4440,-94,0
4441,-67,1
4442,-68,1
4443,-68,1
4444,-96,0
4445,-68,1
4446,-71,1
4447,-96,0
4448,-71,1
4449,-67,1
4450,-97,0
4451,-97,0
4452,-97,0
4453,-68,1
4454,-70,1
4455,-69,1
4456,-69,1
4457,-69,1
4458,-70,1
4459,-74,1
4460,-96,0
4461,-97,0
4462,-70,1
4463,-69,1
4464,-71,1
4465,-89,1
4466,-97,0
4467,-96,0
4468,-66,1
4469,-69,1
4470,-68,1
4471,-73,1
4472,-95,0
4473,-68,1
4474,-95,0
4475,-68,1
4476,-68,1
4477,-68,1
4478,-68,1
4479,-70,1
4480,-69,1
4481,-95,0
4482,-70,1
4483,-68,1
4484,-96,0
4485,-70,1
4486,-69,1
4487,-67,1
4488,-96,0
4489,-96,0
4490,-66,1
4491,-68,1
4492,-69,1
4493,-94,0
4494,-71,1
4495,-96,0
4496,-73,1
4497,-69,1
4498,-67,1
4499,-95,0
4500,-67,1
4501,-96,0
4502,-68,1
4503,-69,1
4504,-68,1
4505,-70,1
4506,-68,1
4507,-68,1
4508,-98,0
4509,-77,1
4510,-95,0
4511,-71,1
4512,-94,0
4513,-70,1
4514,-68,1
4515,-73,1
4516,-67,1
4517,-74,1
4518,-64,1
4519,-74,1
4520,-65,1
4521,-95,0
4522,-69,1
4523,-96,0
4524,-69,1
4525,-95,0
4526,-68,1
4527,-67,1
4528,-97,0
4529,-74,1
4530,-70,1
4531,-94,0
4532,-72,1
4533,-96,0
4534,-67,1
4535,-68,1
4536,-70,1
4537,-72,1
4538,-71,1
4539,-66,1
4540,-70,1
4541,-94,0
4542,-94,0
4543,-99,0
4544,-68,1
4545,-96,0
4546,-67,1
4547,-70,1
4548,-70,1
4549,-64,1
4550,-69,1
4551,-94,0
4552,-68,1
4553,-70,1
4554,-96,0
4555,-94,0
4556,-66,1
4557,-96,0
4558,-69,1
4559,-68,1
4560,-72,1
4561,-66,1
4562,-69,1
4563,-95,0
4564,-70,1
4565,-97,0
4566,-68,1
4567,-71,1
4568,-70,1
4569,-66,1
4570,-65,1
4571,-97,0
4572,-70,1
4573,-96,0
4574,-94,0
4575,-97,0
4576,-69,1
4577,-70,1
4578,-67,1
4579,-69,1
4580,-68,1
4581,-74,1
4582,-69,1
4583,-96,0
4584,-99,0
4585,-95,0
4586,-68,1
4587,-69,1
4588,-66,1
4589,-96,0
4590,-66,1
4591,-68,1
4592,-68,1
4593,-70,1
4594,-71,1
4595,-71,1
4596,-94,0
4597,-67,1
4598,-69,1
4599,-76,1
4600,-93,0
4601,-71,1
4602,-64,1
4603,-66,1
4604,-70,1
4605,-67,1
4606,-98,0
4607,-96,0
4608,-97,0
4609,-71,1
4610,-72,1
4611,-71,1
4612,-70,1
4613,-67,1
4614,-69,1
4615,-69,1
4616,-71,1
4617,-69,1
4618,-71,1
4619,-96,0
4620,-97,0
4621,-67,1
4622,-65,1
4623,-69,1
4624,-71,1
4625,-67,1
4626,-95,0
4627,-68,1
4628,-97,0
4629,-69,1
4630,-67,1
4631,-67,1
4632,-70,1
4633,-72,1
4634,-69,1
4635,-93,0
4636,-68,1
4637,-68,1
4638,-69,1
4639,-96,0
4640,-97,0
4641,-66,1
4642,-71,1
4643,-68,1
4644,-96,0
4645,-69,1
4646,-67,1
4647,-96,0
4648,-97,0
4649,-99,0
4650,-96,1
4651,-68,1
4652,-73,1
4653,-71,1
4654,-97,0
4655,-65,1
4656,-98,0
4657,-97,0
4658,-71,1
4659,-94,0
4660,-68,1
4661,-67,1
4662,-93,0
4663,-97,0
4664,-66,1
4665,-69,1
4666,-96,0
4667,-69,1
4668,-70,1
4669,-69,1
4670,-70,1
4671,-96,0
4672,-97,0
4673,-70,1
4674,-71,1
4675,-68,1
4676,-73,1
4677,-67,1
4678,-69,1
4679,-96,0
4680,-96,0
4681,-68,1
4682,-70,1
4683,-74,1
4684,-95,0
4685,-69,1
4686,-96,0
4687,-96,0
4688,-70,1
4689,-97,0
4690,-100,0
4691,-97,0
4692,-95,0
4693,-96,0
4694,-70,1
4695,-96,0
4696,-95,0
4697,-96,0
4698,-67,1
4699,-71,1
4700,-97,0
4701,-69,1
4702,-69,1
4703,-68,1
4704,-95,0
4705,-99,0
4706,-68,1
4707,-67,1
4708,-96,0
4709,-97,0
4710,-95,0
4711,-71,1
4712,-96,0
4713,-99,0
4714,-70,1
4715,-70,1
4716,-66,1
4717,-68,1
4718,-68,1
4719,-97,0
4720,-74,1
4721,-95,0
4722,-67,1
4723,-96,0
4724,-96,0
4725,-68,1
4726,-69,1
4727,-97,0
4728,-71,1
4729,-71,1
4730,-71,1
4731,-64,1
4732,-65,1
4733,-93,0
4734,-71,1
4735,-72,1
4736,-70,1
4737,-70,1
4738,-76,1
4739,-69,1
4740,-68,1
4741,-71,1
4742,-70,1
4743,-69,1
4744,-94,0
4745,-70,1
4746,-67,1
4747,-68,1
4748,-68,1
4749,-66,1
4750,-71,1
4751,-69,1
4752,-70,1
4753,-71,1
4754,-71,1
4755,-96,0
4756,-94,0
4757,-95,0
4758,-95,0
4759,-67,1
4760,-96,0
4761,-68,1
4762,-67,1
4763,-68,1
4764,-71,1
4765,-98,0
4766,-71,1
4767,-96,0
4768,-68,1
4769,-70,1
4770,-68,1
4771,-99,0
4772,-67,1
4773,-66,1
4774,-95,0
4775,-68,1
4776,-72,1
4777,-66,1
4778,-93,0
4779,-94,0
4780,-97,0
4781,-71,1
4782,-69,1
4783,-97,0
4784,-96,0
4785,-96,0
4786,-68,1
4787,-69,1
4788,-96,0
4789,-66,1
4790,-94,0
4791,-69,1
4792,-71,1
4793,-71,1
4794,-70,1
4795,-97,0
4796,-97,0
4797,-95,0
4798,-93,0
4799,-96,0
4800,-95,0
4801,-75,1
4802,-95,0
4803,-69,1
4804,-74,1
4805,-68,1
4806,-68,1
4807,-69,1
4808,-94,0
4809,-69,1
4810,-70,1
4811,-94,0
4812,-96,0
4813,-65,1
4814,-70,1
4815,-69,1
4816,-96,0
4817,-71,1
4818,-93,0
4819,-71,1
4820,-69,1
4821,-96,0
4822,-70,1
4823,-71,1
4824,-69,1
4825,-68,1
4826,-68,1
4827,-70,1
4828,-93,0
4829,-71,1
4830,-68,1
4831,-72,1
4832,-70,1
4833,-71,1
4834,-68,1
4835,-70,1
4836,-94,0
4837,-96,0
4838,-67,1
4839,-66,1
4840,-70,1
4841,-68,1
4842,-96,0
4843,-69,1
4844,-96,0
4845,-99,0
4846,-83,1
4847,-95,0
4848,-70,1
4849,-95,0
4850,-67,1
4851,-70,1
4852,-73,1
4853,-69,1
4854,-70,1
4855,-97,0
4856,-67,1
4857,-96,0
4858,-70,1
4859,-67,1
4860,-96,0
4861,-96,0
4862,-74,1
4863,-96,0
4864,-68,1
4865,-70,1
4866,-69,1
4867,-93,0
4868,-70,1
4869,-72,1
4870,-95,0
4871,-65,1
4872,-97,0
4873,-69,1
4874,-74,1
4875,-70,1
4876,-97,0
4877,-96,0
4878,-72,1
4879,-69,1
4880,-73,1
4881,-71,1
4882,-97,0
4883,-71,1
4884,-96,0
4885,-70,1
4886,-96,0
4887,-97,0
4888,-66,1
4889,-96,0
4890,-69,1
4891,-96,0
4892,-96,0
4893,-66,1
4894,-70,1
4895,-70,1
4896,-96,0
4897,-95,0
4898,-68,1
4899,-74,1
4900,-96,0
4901,-69,1
4902,-71,1
4903,-67,1
4904,-71,1
4905,-69,1
4906,-98,0
4907,-95,0
4908,-98,0
4909,-68,1
4910,-94,0
4911,-95,0
4912,-66,1
4913,-68,1
4914,-69,1
4915,-96,0
4916,-100,0
4917,-96,0
4918,-97,0
4919,-69,1
4920,-71,1
4921,-68,1
4922,-69,1
4923,-96,0
4924,-96,0
4925,-97,0
4926,-67,1
4927,-99,0
4928,-65,1
4929,-68,1
4930,-94,0
4931,-69,1
4932,-97,0
4933,-73,1
4934,-69,1
4935,-97,0
4936,-96,0
4937,-66,1
4938,-68,1
4939,-97,0
4940,-97,0
4941,-95,0
4942,-98,0
4943,-94,0
4944,-95,0
4945,-68,1
4946,-68,1
4947,-70,1
4948,-95,0
4949,-68,1
4950,-96,0
4951,-67,1
4952,-68,1
4953,-94,0
4954,-68,1
4955,-68,1
4956,-96,0
4957,-68,1
4958,-72,1
4959,-69,1
4960,-96,0
4961,-68,1
4962,-95,0
4963,-70,1
4964,-94,0
4965,-67,1
4966,-97,0
4967,-99,0
4968,-72,1
4969,-68,1
4970,-96,0
4971,-68,1
4972,-96,0
4973,-94,0
4974,-72,1
4975,-96,0
4976,-71,1
4977,-95,0
4978,-93,0
4979,-69,1
4980,-95,0
4981,-70,1
4982,-70,1
4983,-74,1
4984,-98,0
4985,-96,0
4986,-95,0
4987,-97,0
4988,-71,1
4989,-96,0
4990,-69,1
4991,-94,0
4992,-94,0
4993,-97,0
4994,-99,0
4995,-96,0
4996,-96,0
4997,-94,0
4998,-69,1
4999,-97,0
5000,-69,1
5001,-70,1
5002,-71,1
5003,-71,1
5004,-67,1
5005,-66,1
5006,-93,0
5007,-66,1
5008,-70,1
5009,-69,1
5010,-73,1
5011,-66,1
5012,-96,0
5013,-96,0
5014,-96,0
5015,-97,0
5016,-97,0
5017,-94,0
5018,-96,0
5019,-96,0
5020,-97,0
5021,-94,0
5022,-68,1
5023,-97,0
5024,-67,1
5025,-67,1
5026,-74,1
5027,-70,1
5028,-69,1
5029,-69,1
5030,-72,1
5031,-98,0
5032,-69,1
5033,-69,1
5034,-70,1
5035,-66,1
5036,-96,0
5037,-93,0
5038,-96,0
5039,-96,0
5040,-69,1
5041,-67,1
5042,-66,1
5043,-67,1
5044,-69,1
5045,-65,1
5046,-71,1
5047,-98,0
5048,-69,1
5049,-67,1
5050,-96,0
5051,-67,1
5052,-97,0
5053,-69,1
5054,-68,1
5055,-96,0
5056,-96,0
5057,-71,1
5058,-97,0
5059,-67,1
5060,-70,1
5061,-71,1
5062,-72,1
5063,-95,0
5064,-97,0
5065,-96,0
5066,-70,1
5067,-66,1
5068,-96,0
5069,-68,1
5070,-98,0
5071,-65,1
5072,-66,1
5073,-67,1
5074,-67,1
5075,-66,1
5076,-94,0
5077,-73,1
5078,-68,1
5079,-96,0
5080,-98,0
5081,-68,1
5082,-96,0
5083,-96,0
5084,-68,1
5085,-67,1
5086,-97,0
5087,-69,1
5088,-69,1
5089,-69,1
5090,-100,0
5091,-95,0
5092,-76,1
5093,-96,0
5094,-96,0
5095,-73,1
5096,-94,0
5097,-96,0
5098,-73,1
5099,-96,0
5100,-66,1
5101,-72,1
5102,-96,0
5103,-67,1
5104,-68,1
5105,-67,1
5106,-69,1
5107,-70,1
5108,-66,1
5109,-71,1
5110,-71,1
5111,-70,1
5112,-67,1
5113,-70,1
5114,-69,1
5115,-68,1
5116,-74,1
5117,-73,1
5118,-69,1
5119,-72,1
5120,-98,0
5121,-97,0
5122,-69,1
5123,-69,1
5124,-67,1
5125,-72,1
5126,-72,1
5127,-96,0
5128,-97,0
5129,-95,0
5130,-72,1
5131,-70,1
5132,-70,1
5133,-69,1
5134,-95,0
5135,-67,1
5136,-93,0
5137,-94,0
5138,-68,1
5139,-66,1
5140,-66,1
5141,-67,1
5142,-69,1
5143,-68,1
5144,-70,1
5145,-70,1
5146,-67,1
5147,-96,0
5148,-71,1
5149,-67,1
5150,-71,1
5151,-69,1
5152,-73,1
5153,-96,0
5154,-69,1
5155,-96,0
5156,-68,1
5157,-69,1
5158,-70,1
5159,-96,0
5160,-72,1
5161,-95,0
5162,-95,0
5163,-71,1
5164,-98,0
5165,-96,0
5166,-66,1
5167,-71,1
5168,-68,1
5169,-94,0
5170,-68,1
5171,-70,1
5172,-69,1
5173,-66,1
5174,-71,1
5175,-96,0
5176,-96,0
5177,-70,1
5178,-70,1
5179,-97,0
5180,-69,1
5181,-69,1
5182,-68,1
5183,-66,1
5184,-96,0
5185,-96,0
5186,-94,0
5187,-71,1
5188,-69,1
5189,-95,0
5190,-69,1
5191,-71,1
5192,-70,1
5193,-96,0
5194,-67,1
5195,-67,1
5196,-70,1
5197,-67,1
5198,-67,1
5199,-67,1
5200,-93,0
5201,-71,1
5202,-70,1
5203,-68,1
5204,-70,1
5205,-71,1
5206,-72,1
5207,-69,1
5208,-68,1
5209,-95,0
5210,-68,1
5211,-70,1
5212,-71,1
5213,-96,0
5214,-69,1
5215,-69,1
5216,-69,1
5217,-96,0
5218,-68,1
5219,-68,1
5220,-69,1
5221,-93,0
5222,-70,1
5223,-68,1
5224,-70,1
5225,-70,1
5226,-68,1
5227,-69,1
5228,-69,1
5229,-94,0
5230,-96,0
5231,-70,1
5232,-71,1
5233,-96,0
5234,-95,0
5235,-93,0
5236,-74,1
5237,-69,1
5238,-68,1
5239,-96,0
5240,-69,1
5241,-96,0
5242,-95,0
5243,-70,1
5244,-96,0
5245,-96,0
5246,-68,1
5247,-70,1
5248,-94,0
5249,-98,0
5250,-72,1
5251,-98,0
5252,-68,1
5253,-93,0
5254,-69,1
5255,-68,1
5256,-95,0
5257,-95,0
5258,-97,0
5259,-96,0
5260,-68,1
5261,-66,1
5262,-95,0
5263,-97,0
5264,-66,1
5265,-69,1
5266,-68,1
5267,-66,1
5268,-68,1
5269,-98,0
5270,-99,0
5271,-95,0
5272,-68,1
5273,-97,0
5274,-70,1
5275,-97,0
5276,-94,0
5277,-71,1
5278,-96,0
5279,-68,1
5280,-97,0
5281,-96,0
5282,-68,1
5283,-70,1
5284,-96,0
5285,-70,1
5286,-94,0
5287,-70,1
5288,-93,0
5289,-67,1
5290,-96,0
5291,-69,1
5292,-96,0
5293,-68,1
5294,-67,1
5295,-71,1
5296,-70,1
5297,-66,1
5298,-68,1
5299,-69,1
5300,-72,1
5301,-68,1
5302,-68,1
5303,-74,1
5304,-69,1
5305,-67,1
5306,-96,0
5307,-70,1
5308,-98,0
5309,-69,1
5310,-70,1
5311,-98,0
5312,-72,1
5313,-70,1
5314,-72,1
5315,-96,0
5316,-68,1
5317,-69,1
5318,-67,1
5319,-69,1
5320,-97,0
5321,-70,1
5322,-68,1
5323,-97,0
5324,-67,1
5325,-94,0
5326,-68,1
5327,-96,0
5328,-71,1
5329,-94,0
5330,-93,0
5331,-96,0
5332,-96,0
5333,-93,0
5334,-66,1
5335,-69,1
5336,-96,0
5337,-70,1
5338,-70,1
5339,-67,1
5340,-68,1
5341,-96,0
5342,-69,1
5343,-70,1
5344,-95,0
5345,-66,1
5346,-69,1
5347,-67,1
5348,-69,1
5349,-97,0
5350,-68,1
5351,-71,1
5352,-69,1
5353,-69,1
5354,-68,1
5355,-97,0
5356,-69,1
5357,-65,1
5358,-69,1
5359,-72,1
5360,-95,0
5361,-67,1
5362,-69,1
5363,-97,0
5364,-70,1
5365,-71,1
5366,-67,1
5367,-96,0
5368,-68,1
5369,-67,1
5370,-69,1
5371,-95,0
5372,-72,1
5373,-69,1
5374,-68,1
5375,-95,0
5376,-69,1
5377,-96,0
5378,-96,0
5379,-97,0
5380,-70,1
5381,-68,1
5382,-69,1
5383,-69,1
5384,-97,0
5385,-70,1
5386,-71,1
5387,-97,0
5388,-98,0
5389,-69,1
5390,-69,1
5391,-70,1
5392,-69,1
5393,-76,1
5394,-67,1
5395,-69,1
5396,-67,1
5397,-71,1
5398,-95,0
5399,-65,1
5400,-96,0
5401,-98,0
5402,-96,0
5403,-71,1
5404,-96,0
5405,-97,0
5406,-69,1
5407,-69,1
5408,-70,1
5409,-96,0
5410,-97,0
5411,-69,1
5412,-68,1
5413,-67,1
5414,-96,0
5415,-97,0
5416,-71,1
5417,-96,0
5418,-94,0
5419,-98,0
5420,-71,1
5421,-66,1
5422,-68,1
5423,-96,0
5424,-94,0
5425,-96,0
5426,-67,1
5427,-72,1
5428,-68,1
5429,-68,1
5430,-70,1
5431,-69,1
5432,-95,0
5433,-73,1
5434,-70,1
5435,-95,0
5436,-67,1
5437,-70,1
5438,-68,1
5439,-94,0
5440,-71,1
5441,-70,1
5442,-72,1
5443,-68,1
5444,-95,0
5445,-67,1
5446,-69,1
5447,-96,0
5448,-71,1
5449,-69,1
5450,-70,1
5451,-70,1
5452,-71,1
5453,-96,0
5454,-74,1
5455,-96,0
5456,-72,1
5457,-94,0
5458,-96,0
5459,-97,0
5460,-66,1
5461,-68,1
5462,-94,0
5463,-96,0
5464,-71,1
5465,-68,1
5466,-67,1
5467,-70,1
5468,-96,0
5469,-66,1
5470,-97,0
5471,-97,0
5472,-97,0
5473,-69,1
5474,-96,0
5475,-72,1
5476,-66,1
5477,-96,0
5478,-70,1
5479,-96,0
5480,-94,0
5481,-67,1
5482,-96,0
5483,-93,0
5484,-68,1
5485,-71,1
5486,-96,0
5487,-96,0
5488,-68,1
5489,-69,1
5490,-65,1
5491,-96,0
5492,-70,1
5493,-69,1
5494,-96,0
5495,-71,1
5496,-67,1
5497,-69,1
5498,-74,1
5499,-72,1
5500,-67,1
5501,-70,1
5502,-70,1
5503,-72,1
5504,-67,1
5505,-72,1
5506,-66,1
5507,-69,1
5508,-68,1
5509,-99,0
5510,-96,0
5511,-95,0
5512,-69,1
5513,-68,1
5514,-71,1
5515,-95,0
5516,-71,1
5517,-68,1
5518,-96,0
5519,-96,0
5520,-72,1
5521,-96,0
5522,-74,1
5523,-68,1
5524,-70,1
5525,-70,1
5526,-94,0
5527,-97,0
5528,-94,0
5529,-69,1
5530,-71,1
5531,-69,1
5532,-70,1
5533,-71,1
5534,-97,0
5535,-70,1
5536,-69,1
5537,-68,1
5538,-70,1
5539,-66,1
5540,-73,1
5541,-68,1
5542,-98,0
5543,-97,0
5544,-96,0
5545,-69,1
5546,-70,1
5547,-94,0
5548,-68,1
5549,-69,1
5550,-96,0
5551,-96,0
5552,-66,1
5553,-67,1
5554,-96,0
5555,-94,0
5556,-71,1
5557,-96,0
5558,-69,1
5559,-70,1
5560,-97,0
5561,-95,0
5562,-69,1
5563,-96,0
5564,-67,1
5565,-70,1
5566,-95,0
5567,-96,0
5568,-70,1
5569,-65,1
5570,-69,1
5571,-96,0
5572,-71,1
5573,-98,0
5574,-97,0
5575,-69,1
5576,-70,1
5577,-69,1
5578,-67,1
5579,-69,1
5580,-67,1
5581,-68,1
5582,-67,1
5583,-96,0
5584,-94,0
5585,-67,1
5586,-95,0
5587,-96,0
5588,-65,1
5589,-96,0
5590,-96,0
5591,-70,1
5592,-65,1
5593,-67,1
5594,-67,1
5595,-96,0
5596,-96,0
5597,-94,0
5598,-96,0
5599,-96,0
5600,-97,0
5601,-68,1
5602,-96,0
5603,-71,1
5604,-68,1
5605,-96,0
5606,-70,1
5607,-98,0
5608,-97,0
5609,-67,1
5610,-69,1
5611,-95,0
5612,-71,1
5613,-68,1
5614,-66,1
5615,-68,1
5616,-67,1
5617,-96,0
5618,-71,1
5619,-69,1
5620,-70,1
5621,-96,0
5622,-95,0
5623,-68,1
5624,-68,1
5625,-96,0
5626,-72,1
5627,-66,1
5628,-66,1
5629,-68,1
5630,-96,0
5631,-69,1
5632,-66,1
5633,-97,0
5634,-69,1
5635,-100,0
5636,-69,1
5637,-97,0
5638,-70,1
5639,-70,1
5640,-96,0
5641,-97,0
5642,-95,0
5643,-96,0
5644,-71,1
5645,-96,0
5646,-69,1
5647,-96,0
5648,-98,0
5649,-69,1
5650,-70,1
5651,-72,1
5652,-96,0
5653,-96,0
5654,-73,1
5655,-71,1
5656,-72,1
5657,-69,1
5658,-66,1
5659,-69,1
5660,-68,1
5661,-68,1
5662,-68,1
5663,-71,1
5664,-95,0
5665,-93,0
5666,-72,1
5667,-66,1
5668,-69,1
5669,-70,1
5670,-69,1
5671,-68,1
5672,-70,1
5673,-98,0
5674,-96,0
5675,-99,0
5676,-98,0
5677,-69,1
5678,-96,0
5679,-98,0
5680,-99,0
5681,-77,1
5682,-69,1
5683,-68,1
5684,-95,0
5685,-68,1
5686,-96,0
5687,-95,0
5688,-68,1
5689,-69,1
5690,-72,1
5691,-96,0
5692,-65,1
5693,-93,0
5694,-70,1
5695,-99,0
5696,-67,1
5697,-66,1
5698,-96,0
5699,-69,1
5700,-68,1
5701,-68,1
5702,-94,0
5703,-69,1
5704,-69,1
5705,-70,1
5706,-98,0
5707,-71,1
5708,-97,0
5709,-66,1
5710,-66,1
5711,-97,0
5712,-95,0
5713,-70,1
5714,-69,1
5715,-70,1
5716,-73,1
5717,-70,1
5718,-96,0
5719,-94,0
5720,-70,1
5721,-97,0
5722,-96,0
5723,-95,0
5724,-71,1
5725,-68,1
5726,-94,0
5727,-68,1
5728,-95,0
5729,-68,1
5730,-67,1
5731,-95,0
5732,-74,1
5733,-71,1
5734,-71,1
5735,-68,1
5736,-68,1
5737,-96,0
5738,-95,0
5739,-67,1
5740,-67,1
5741,-71,1
5742,-95,0
5743,-73,1
5744,-96,0
5745,-96,0
5746,-70,1
5747,-67,1
5748,-67,1
5749,-72,1
5750,-68,1
5751,-69,1
5752,-94,0
5753,-96,0
5754,-99,0
5755,-69,1
5756,-69,1
5757,-71,1
5758,-71,1
5759,-68,1
5760,-69,1
5761,-68,1
5762,-68,1
5763,-69,1
5764,-94,0
5765,-67,1
5766,-68,1
5767,-97,0
5768,-69,1
5769,-96,0
5770,-97,0
5771,-69,1
5772,-95,0
5773,-99,0
5774,-96,0
5775,-68,1
5776,-71,1
5777,-68,1
5778,-70,1
5779,-85,1
5780,-67,1
5781,-70,1
5782,-94,0
5783,-70,1
5784,-96,0
5785,-68,1
5786,-70,1
5787,-66,1
5788,-65,1
5789,-69,1
5790,-67,1
5791,-69,1
5792,-69,1
5793,-68,1
5794,-96,0
5795,-96,0
5796,-71,1
5797,-70,1
5798,-72,1
5799,-68,1
5800,-74,1
5801,-94,0
5802,-68,1
5803,-97,0
5804,-72,1
5805,-68,1
5806,-66,1
5807,-67,1
5808,-72,1
5809,-71,1
5810,-67,1
5811,-71,1
5812,-67,1
5813,-95,0
5814,-67,1
5815,-98,0
5816,-97,0
5817,-70,1
5818,-96,0
5819,-94,0
5820,-96,0
5821,-71,1
5822,-96,0
5823,-68,1
5824,-70,1
5825,-98,0
5826,-94,0
5827,-98,0
5828,-70,1
5829,-70,1
5830,-66,1
5831,-96,0
5832,-72,1
5833,-96,0
5834,-96,0
5835,-71,1
5836,-70,1
5837,-67,1
5838,-97,0
5839,-67,1
5840,-95,0
5841,-65,1
5842,-96,0
5843,-68,1
5844,-96,0
5845,-71,1
5846,-98,0
5847,-96,0
5848,-68,1
5849,-73,1
5850,-69,1
5851,-95,0
5852,-68,1
5853,-71,1
5854,-96,0
5855,-72,1
5856,-97,0
5857,-69,1
5858,-68,1
5859,-71,1
5860,-96,0
5861,-96,0
5862,-97,0
5863,-95,0
5864,-96,0
5865,-70,1
5866,-68,1
5867,-96,0
5868,-70,1
5869,-68,1
5870,-68,1
5871,-72,1
5872,-96,0
5873,-73,1
5874,-98,0
5875,-68,1
5876,-96,0
5877,-97,0
5878,-96,0
5879,-96,0
5880,-67,1
5881,-96,0
5882,-68,1
5883,-69,1
5884,-72,1
5885,-69,1
5886,-67,1
5887,-69,1
5888,-66,1
5889,-68,1
5890,-70,1
5891,-98,0
5892,-65,1
5893,-93,0
5894,-96,0
5895,-97,0
5896,-94,0
5897,-70,1
5898,-96,0
5899,-96,0
5900,-96,0
5901,-69,1
5902,-66,1
5903,-96,0
5904,-95,0
5905,-97,0
5906,-71,1
5907,-71,1
5908,-68,1
5909,-68,1
5910,-70,1
5911,-95,0
5912,-73,1
5913,-67,1
5914,-96,0
5915,-67,1
5916,-71,1
5917,-71,1
5918,-71,1
5919,-74,1
5920,-70,1
5921,-96,0
5922,-71,1
5923,-70,1
5924,-95,0
5925,-97,0
5926,-69,1
5927,-95,0
5928,-67,1
5929,-96,0
5930,-71,1
5931,-79,1
5932,-96,0
5933,-69,1
5934,-72,1
5935,-97,0
5936,-97,0
5937,-96,0
5938,-93,0
5939,-96,0
5940,-72,1
5941,-69,1
5942,-67,1
5943,-70,1
5944,-70,1
5945,-71,1
5946,-98,0
5947,-99,0
5948,-67,1
5949,-95,0
5950,-67,1
5951,-70,1
5952,-68,1
5953,-70,1
5954,-68,1
5955,-67,1
5956,-69,1
5957,-69,1
5958,-69,1
5959,-94,0
5960,-71,1
5961,-68,1
5962,-96,0
5963,-71,1
5964,-71,1
5965,-96,0
5966,-65,1
5967,-95,0
5968,-95,0
5969,-71,1
5970,-68,1
5971,-69,1
5972,-95,0
5973,-71,1
5974,-73,1
5975,-94,0
5976,-68,1
5977,-69,1
5978,-71,1
5979,-69,1
5980,-69,1
5981,-71,1
5982,-66,1
5983,-71,1
5984,-71,1
5985,-74,1
5986,-74,1
5987,-71,1
5988,-71,1
5989,-69,1
5990,-97,0
5991,-65,1
5992,-97,0
5993,-68,1
5994,-69,1
5995,-70,1
5996,-68,1
5997,-67,1
5998,-70,1
5999,-72,1
6000,-71,1
6001,-96,0
6002,-73,1
6003,-71,1
6004,-96,0
6005,-96,0
6006,-78,1
6007,-69,1
6008,-71,1
6009,-70,1
6010,-96,0
6011,-67,1
6012,-72,1
6013,-71,1
6014,-95,0
6015,-68,1
6016,-94,0
6017,-96,0
6018,-95,0
6019,-69,1
6020,-68,1
6021,-70,1
6022,-95,0
6023,-68,1
6024,-96,0
6025,-94,0
6026,-70,1
6027,-96,0
6028,-97,0
6029,-97,0
6030,-98,0
6031,-94,0
6032,-70,1
6033,-70,1
6034,-68,1
6035,-97,0
6036,-70,1
6037,-96,0
6038,-96,0
6039,-96,0
6040,-96,0
6041,-97,0
6042,-95,0
6043,-96,0
6044,-70,1
6045,-96,0
6046,-97,0
6047,-68,1
6048,-72,1
6049,-71,1
6050,-69,1
6051,-97,0
6052,-97,0
6053,-96,0
6054,-96,0
6055,-67,1
6056,-70,1
6057,-66,1
6058,-70,1
6059,-97,0
6060,-96,0
6061,-97,0
6062,-66,1
6063,-94,0
6064,-71,1
6065,-68,1
6066,-71,1
6067,-70,1
6068,-72,1
6069,-72,1
6070,-96,0
6071,-70,1
6072,-96,0
6073,-68,1
6074,-96,0
6075,-70,1
6076,-70,1
6077,-69,1
6078,-96,0
6079,-98,0
6080,-66,1
6081,-70,1
6082,-68,1
6083,-67,1
6084,-96,0
6085,-70,1
6086,-97,0
6087,-68,1
6088,-70,1
6089,-95,0
6090,-96,0
6091,-72,1
6092,-68,1
6093,-68,1
6094,-68,1
6095,-69,1
6096,-94,0
6097,-96,0
6098,-71,1
6099,-96,0
6100,-66,1
6101,-75,1
6102,-72,1
6103,-70,1
6104,-68,1
6105,-98,0
6106,-68,1
6107,-74,1
6108,-70,1
6109,-96,0
6110,-96,0
6111,-97,0
6112,-69,1
6113,-68,1
6114,-70,1
6115,-95,0
6116,-71,1
6117,-72,1
6118,-69,1
6119,-70,1
6120,-69,1
6121,-69,1
6122,-67,1
6123,-71,1
6124,-70,1
6125,-97,0
6126,-95,0
6127,-67,1
6128,-96,0
6129,-68,1
6130,-69,1
6131,-71,1
6132,-96,0
6133,-69,1
6134,-99,0
6135,-70,1
6136,-96,0
6137,-96,0
6138,-68,1
6139,-70,1
6140,-70,1
6141,-72,1
6142,-95,0
6143,-96,0
6144,-95,0
6145,-70,1
6146,-96,0
6147,-96,0
6148,-68,1
6149,-97,0
6150,-97,0
6151,-75,1
6152,-71,1
6153,-95,0
6154,-70,1
6155,-71,1
6156,-71,1
6157,-71,1
6158,-69,1
6159,-68,1
6160,-96,0
6161,-99,0
6162,-75,1
6163,-66,1
6164,-67,1
6165,-97,0
6166,-97,0
6167,-72,1
6168,-95,0
6169,-70,1
6170,-70,1
6171,-70,1
6172,-97,0
6173,-98,0
6174,-96,0
6175,-70,1
6176,-68,1
6177,-70,1
6178,-95,0
6179,-97,0
6180,-67,1
6181,-71,1
6182,-70,1
6183,-70,1
6184,-98,0
6185,-97,0
6186,-71,1
6187,-96,0
6188,-68,1
6189,-66,1
6190,-93,0
6191,-71,1
6192,-64,1
6193,-94,0
6194,-96,0
6195,-96,0
6196,-67,1
6197,-96,0
6198,-71,1
6199,-68,1
6200,-69,1
6201,-70,1
6202,-98,0
6203,-67,1
6204,-96,0
6205,-96,0
6206,-96,0
6207,-96,0
6208,-96,0
6209,-70,1
6210,-68,1
